Designator,Comment,Quantity,Fitted,Description,Footprint,Manufacturer 1,Manufacturer Part Number 1

"C1, C5, C16, C17, C22, C23, C29","CAP-000030-02","7","Fitted","Ceramic Chip Capacitor 0402 0.1uF 16V - vertical","CAPC0402-01","AVX","0402YC104KAT2A"
"C2","CAP-000066-01","1","Fitted","Ceramic Chip Capacitor 0603 10uF 10V","CAPC0603-01","Samsung","CL10A106KP8NNND"
"C3, C6, C7","CAP-100118-01","3","Fitted","Ceramic Chip Capacitor 0402 10pF 50V","CAPC0402-01","Yageo","CC0402JRNPO9BN100"
"C4, C42, C44, C45, C46, C47, C49, C50","CAP-000030-01","8","Fitted","Ceramic Chip Capacitor 0402 0.1uF 16V","CAPC0402-01","AVX","0402YC104KAT2A"
"C8, C33","CAP-000063-01","2","Fitted","Ceramic Chip Capacitor 0402 1uF 16V","CAPC0402-01","Murata","GRM155R61E105MA12D"
"C9","CAP-000061-01","1","Fitted","Ceramic Chip Capacitor 0402 0.001uF 50V","CAPC0402-01","Samsung","CL05B102KB5NNNC"
"C10, C14, C15, C19, C20, C25, C26, C27, C32, C35, C36, C37, C38, C39, C40, C41, C43, C48","CAP-000077-01","18","Fitted","Ceramic Chip Capacitor 0402 0.1uF 50V","CAPC0402-01","TDK","C1005X7R1H104K050BB"
"C11, C13","CAP-100006-01","2","Fitted","Ceramic Chip Capacitor 0603 10uF 50V X5R","CAPC0603-01","Murata","ZRB18AR61E106ME01L"
"C12","CAP-000127-01","1","Fitted","Ceramic Chip Capacitor 0402 47pF 50V","CAPC0402-01","Yageo","CC0402JRNPO9BN470"
"C18, C34","CAP-000080-01","2","Fitted","Ceramic Chip Capacitor 0402 220pF 50V","CAPC0402-01","Samsung","CL05B221KB5NNNC"
"C21, C31","CAP-000064-01","2","Fitted","Ceramic Chip Capacitor 0402 4.7uF 6.3V","CAPC0402-01","Samsung","CL05A475MQ5NQNC"
"C24, C30","CAP-000059-01","2","Fitted","Ceramic Chip Capacitor 0402 12pF 50V","CAPC0402-01","Samsung","CL05C120JB5NNNC"
"C28","CAP-100127-01","1","Fitted","Ceramic Chip Capacitor 0402 2.2uF 35V","CAPC0402-01","TDK Corporation","C1005X5R1V225K050BC"
"D1","DIO-100004-01","1","Fitted","Si 100V 150mA 1.25Vf","MCC_SOD123","Micro Commercial Co","1N4148W"
"D2, D4, D7","DIO-100005-01","3","Fitted","Semtech TVS Diode Array for USB","SEMTECH_SLP1210N6","Semtech","RClamp0582N.TCT"
"D3","DIO-100013-01","1","Fitted","Semtech TVS diode, single, 22V","SEMTECH_DFN110P160X55-2N","Semtech","uClamp2271P.TNT"
"D5","DIO-100011-01","1","Fitted","Semtech TVS diode, single, 5V","SEMTECH_DFN110P160X55-2N","Semtech","uClamp0571P.TNT"
"D6","DIO-100019-01","1","Fitted","Semtech 2-line Surge and ESD protection","SEMTECH_SGP1006N3T","Semtech","RClamp0512TQ.TCT"
"D8, D9","DIO-000012-01","2","Fitted","OnSemi Schottky Power Rectifier 40V 1A","ONSEMI_SOD-123LF","OnSemi","MBR140SFT1G"
"FL1","IND-000027-01","1","Fitted","Common Mode Filter Inductor, 200 ohm CM @ 100MHz","MURATA_FL0504","Murata","DLP11SN201HL2L"
"HW1, HW2","FAS-100003-01","2","Fitted","MIl-Max Guide Pin, press-fit, 1.19mm hole, 0.64mm pin, 3.94mm tall, 1.4mm PCB","Mil-Max_8932-0-00-15-00-00-03-0","Mil-Max","8932-0-00-15-00-00-03-0"
"J1, J2, J4, J5, J8","CON-000050-02_P","5","Fitted","Samtec Female Header 0.1"" pitch PMOD 2x6 Right Angle","SAMTEC_SSW-106-02-F-D-RA-PMOD","Samtec","SSW-106-02-F-D-RA"
"J3","CON-000186-01","1","Fitted","Abracon 10/100BaseTX RJ45 Ethernet MagJack","ABRACON_ARJC02","ABRACON","ARJC02-111009D"
"J6","CON-100016-01","1","Fitted","Amphenol FCI Female Socket 2x10 2.54mm TH, 2.9mm pins","FCI_87606-810LF","Amphenol FCI","87606-810LF"
"J7","CON-000050-02_P","1","Fitted","Samtec Female Header 0.1"" pitch PMOD 2x6 Right Angle","J_2x20pHDR100mil_INV","Samtec","SSW-106-02-F-D-RA"
"J9","CON-100006-01","1","Fitted","Header 0.1"" pitch 4pos 1x4","WURTH_61300411121","Wurth Elektronik","61300411121"
"J10","CON-100034-01","1","Fitted","USB Micro B 2.0 Female 5 Pin Right Angle Hirose","HIROSE_CL0242-0056-3-30","Hirose Electronics Ltd.","ZX62D-B-5PA8(30)"
"J11","CON-100024-01","1","Fitted","USB TYPE-C Receptacle 24 Pos SMT, R/A, TH Shield","AMPHENOL_12401610E4#2A","Amphenol ICC","12401610E4#2A"
"J12","CON-000171-01","1","Fitted","10 Position Shrouded Header 1.27mm Pitch Pin #7 Removed","SAMTEC_FTSH-105-01-DV-007-K","Samtec","FTSH-105-01-L-DV-007-K"
"J13","CON-100069-01","0","Not Fitted","Amphenol FCI Header 0.1"" pitch 2pos 1x2 vert","FCI_6800-x02_no_box_top","Amphenol FCI","68000-102HLF"
"J14, J15","CON-100008-02","2","Fitted","Sullins Header 2mm pitch 2pos 1x2, vert, Au flash","SULLINS_NRPN021PAEN-RC","Sullins","NRPN021PAEN-RC"
"J16","CON-000056-01","0","Not Fitted","FCI Header 0.1"" pitch 3pos 1x3","FCI_6800-x03_no_box_top","Amphenol FCI","68000-103HLF"
"LED1","LED-100008-01","1","Fitted","Osram Multi-chip LED RGB","LED_OSRAM_LRTB-R48G","Osram","LRTBR48G-P9Q7-1+R7S5-26+NP-68"
"LED2","LED-000013-01","1","Fitted","Wurth Elektronik LED Blue Clear 0603","LED_WE_0603_BLU","Wurth Elektronik","150060BS75000"
"LED3","LED-000012-01","1","Fitted","Lite-On LED White, yellow lens 0603","LED_0603-WHT","Lite-On","LTW-C191DS5"
"LED4","LED-000016-01","1","Fitted","Wurth Elektronik LED Yellow Clear 0603","LED_WE_0603_YEL","Wurth Elektronik","150060YS75000"
"MIC1, MIC2","MIC-100001-01","2","Fitted","Knowles SMT MEMS Analog Microphone","KNOWLES_5P1H_3-76x3x1-1_mm","Knowles","SPU0410LR5H-QB"
"Q1, Q2, Q3","BJT-000002-01","3","Fitted","NPN Digital Transistor 50V 100mA 10K/10K","SC-75A","Rohm","DTC114EETL"
"R1, R2","RES-000172-01","2","Fitted","Chip Resistor Thick Film 0402 390R 1% 1/10W","RESC0402-01","Panasonic","ERJ-2RKF3900X"
"R3, R4, R5, R8, R9, R10, R17, R20, R21, R25, R27, R33, R34, R35, R43, R50, R53, R54, R55, R56, R57, R58, R59, R60, R61, R62, R65, R66, R89, R91, R92, R93","RES-000137-xx","32","Fitted","Chip Resistor Thin Film 0402 10K0 0.5% 1/16W","RESC0402-01","Panasonic","ERA-2AED103X"
"R6, R7, R31, R32, R38, R52, R63, R98, R100, R103","RES-000127-01","10","Fitted","Chip Resistor Thick Film 0402 4K70 0.5% 1/16W","RESC0402-01","Panasonic","ERA-2AED472X"
"R11","RES-100093-01","1","Fitted","Chip Resistor Thick Film 0402 18.2K ohm 1% 1/16W","RESC0402-01","Yageo","RC0402FR-0718K2L"
"R12","RES-100094-01","1","Fitted","Chip Resistor Thick Film 0402 1.82K ohm 1% 1/16W","RESC0402-01","Yageo","RC0402FR-071K82L"
"R13, R14, R15, R16, R18, R19, R22, R23, R24, R26, R28, R29, R30, R68, R69, R70, R71, R72, R73, R74, R75, R76, R77, R78, R79, R80, R81, R82, R83, R84, R85","RES-000227-01","31","Fitted","Chip Resistor Thick Film 0402 33R0 1% 1/16W","RESC0402-01","Yageo","RC0402FR-0733RL"
"R36, R37, R39, R40","RES-000171-01","4","Fitted","Chip Resistor Thick Film 0402 27R0 1% 1/10W","RESC0402-01","Yageo","RC0402FR-0727RL"
"R41, R102","RES-000201-01","2","Fitted","Chip Resistor Thick Film 0402 30K0 1% 1/10W","RESC0402-01","Panasonic","ERJ-2RKF3002X"
"R42, R88","RES-000200-01","2","Fitted","Chip Resistor Thick Film 0402 15K0 1% 1/10W","RESC0402-01","Panasonic","ERJ-2RKF1502X"
"R44","RES-100009-01","1","Fitted","Chip Resistor Thick Film 0402 2K61 1% 1/16W","RESC0402-01","Yageo","RC0402FR-072K61L"
"R45","RES-100078-01","1","Fitted","Chip Resistor Thick Film 0402 464 ohm 1% 1/16W","RESC0402-01","Yageo","RC0402FR-07464RL"
"R46, R47, R49, R95","RES-000124-01","4","Fitted","Chip Resistor Thick Film 0402 470R 0.5% 1/16W","RESC0402-01","Panasonic","ERA-2AED471X"
"R48, R67","RES-000175-01","2","Fitted","Chip Resistor Thick Film 0402 2K20 1% 1/10W","RESC0402-01","Panasonic","ERJ-2RKF2201X"
"R51, R64","RES-000131-01","2","Fitted","Chip Resistor Thick Film 0402 1M00 1% 1/16W","RESC0402-01","Panasonic","ERJ-2RKF1004X"
"R86, R90","RES-000221-01","2","Fitted","Chip Resistor Thick Film 1206  0R00 1% 1/4W","RESC1206-01","Panasonic","ERJ-8GEY0R00V"
"R87","RES-100095-01","1","Fitted","Chip Resistor Thick Film 0402 120 ohm 1% 1/16W","RESC0402-01","Vishay Dale","CRCW0402120RFKEDC"
"R94, R99, R101, R104, R106","RES-000220-01","5","Fitted","Chip Resistor Thick Film 0402 150R 1% 1/10W","RESC0402-01","Panasonic","ERJ-2RKF1500X"
"R96, R97","RES-100045-01","2","Fitted","Chip Resistor Thick Film 0402 5.10K 1% 1/10W","RESC0402-01","Yageo","RC0402FR-075K1L"
"R107","RES-000132-01","1","Fitted","Chip Resistor Thick Film 0805 0R00 1% 1/8W","RESC0805-01","Panasonic","ERJ-6GEY0R00V"
"R108","RES-000155-01","1","Fitted","Chip Resistor Thick Film 0402 22K0 0.5% 1/16W","RESC0402-01","Panasonic","ERA-2AED223X"
"R109","RES-100049-01","1","Fitted","Chip Resistor Thick Film 0402 1.0K 1% 1/10W","RESC0402-01","Panasonic","ERJ-2RKF1001X"
"S1","SWT-100001-01","1","Fitted","Push Button Switch 6 x 6mm 4.3mm High 260gf Red Actuator","SW_C&K_PTS645_43_RED","C&K","PTS645SK43SMTR92 LFS"
"S2, S3","SWT-000013-01","2","Fitted","Push Button Switch 6 x 6mm 4.3mm High 160gf Blue Actuator","SW_C&K_PTS645_43_BLU","C&K","PTS645SM43SMTR92 LFS"
"S4","SWT-100006-01","1","Fitted","SMD DIP Switch 2 Position 2.54mm, medium actuator","SW_CTS_219-2MST","CTS","219-2MSTR"
"STDF1, STDF2, STDF3, STDF4","STDF-100002-01","4","Fitted","Standoff, Nylon, 0.250"" Hex, Fem-Fem 4-40, 0.625""","KEYSTONE_STDF_FF_0.25X0.625","Keystone Electronics","1902F"
"STDF5, STDF6, STDF7, STDF8","STDF-100003-01","4","Fitted","Standoff, Nylon, 0.250"" Hex, Male-Fem 4-40, 0.625""","KEYSTONE_STDF_MF_0.25X0.625","Keystone Electronics","4803"
"U1","ICN-002044-01","1","Fitted","Ethernet PHY, 10/100 Base-T, IDT ICS1894-32","IDT_QFN-32","Renesas IDT","ICS1894K-32LFT"
"U2","ICN-002049-01","1","Fitted","Transceiver, Isolated CAN, NVE IL41050","NVE_SOIC-16_wide","NVE Corporation","IL41050TE"
"U3","ICN-100025-01","1","Fitted","Renesas RA4M2 32-bit 100MHz MCU LQFP-48 pin","RENESAS_PLQP0048KB-B_SQUARE","Renesas","R7FA4M2AD3CFL#BA0"
"U4","ICN-110006-01","1","Fitted","LDO Regulator 2.0A, Adj 0.8V-5.0V","INTERSIL_DFN10","Renesas Intersil","ISL80102IRAJZ"
"U5, U8","ICN-002017-01","2","Fitted","Octal Switch with Ouput Enable","IDT_QSOP-20","Renesas IDT","QS3244QG"
"U6","ICN-200007-01","1","Fitted","OpAmp, Dual, High Drive,High Slew, Full range IO, 2.5-5.5V supply, TSSOP-8, READ2302G","RENESAS_TSSOP-8_PTSP0008JD-A","Renesas","READ2302GSP"
"U7, U9","ICN-002014-01","2","Fitted","Logic Inverter, Single, CMOS 4mAout, 2-5.5Vcc Schmitt Trigger, Nexperia(IDT)","IDT_TSSOP_5P","Nexperia","74AHC1G14GW"
"Y1","OSC-100001-01","1","Fitted","Crystal Clock Oscillator, 50 MHz CMOS, Abracon 1.6x1.2","ABRACON_ASCO","Abracon","ASCO-50.000MHZ-EK-T3"
"Y2","XTL-000011-01","1","Fitted","TXC 7V Crystal 12MHz 10pF","TXC_7V","TXC Corp","7V-12000MDDQ-T"
