t_ms,ax,ay,az,gx,gy,gz,label
5,1.42,8.05,-5.35,10.54,-8.42,-10.15,0
29,1.32,8.02,-5.3,7.24,-8.66,-8.44,0
54,1.18,8,-5.15,3.52,1.15,-5.88,0
79,0.82,7.78,-4.89,2.98,-1.65,-3.01,0
102,0.99,7.83,-4.63,5.54,-6.71,-0.94,0
127,1.13,7.9,-4.65,9.44,-17.38,0.34,0
152,1.12,7.96,-4.75,14.07,-21.22,1.68,0
177,1.26,7.94,-5.03,16.51,-26.96,2.6,0
201,1.53,7.87,-5,16.15,-25.61,2.29,0
226,1.48,7.88,-4.89,16.94,-36.28,1.07,0
251,1.2,8.11,-5.12,18.4,-17.02,2.35,0
275,1.36,7.99,-5.36,22.12,-5.13,3.33,0
300,1.51,7.65,-5.6,22.73,-21.1,3.82,0
324,2.09,7.53,-6.12,21.08,-7.2,1.93,0
349,1.89,7.73,-6.65,17.37,-1.1,-0.64,0
373,1.68,7.51,-6.93,14.93,-7.44,-3.87,0
398,1.29,7.43,-7.14,9.07,-15.49,-4.54,0
423,0.95,7.27,-6.83,8.04,-38.72,-3.68,0
447,1.25,7.48,-7,8.83,-51.22,-3.62,0
473,1.69,7.36,-6.91,-2.15,-19.27,-5.15,0
497,1.91,7.32,-6.91,-9.22,5.48,-10.03,0
522,1.24,7.37,-6.08,-11.9,-1.89,-13.07,0
547,0.84,7.75,-5.75,-7.21,-11.1,-13.32,0
571,0.62,7.66,-6.09,-7.02,2.8,-12.16,0
596,0.05,7.7,-5.74,-9.04,10.48,-9.78,0
620,1.03,7.53,-6.17,-10.87,8.65,-7.1,0
645,1.56,7.57,-6.2,-12.27,11.7,-4.9,0
669,0.46,7.6,-5.7,-11.72,8.11,-5.57,0
694,0.44,7.7,-5.77,-9.28,2.25,-3.01,0
719,0.88,7.59,-5.99,-10.62,-1.71,-2.47,0
743,0.95,7.73,-5.66,-10.93,-2.99,-3.68,0
768,0.96,7.9,-5.49,-9.16,-5.43,-4.23,0
792,0.9,7.91,-5.37,-6.6,3.04,-5.76,0
817,0.92,8.07,-5.68,-7.63,2.56,-6.43,0
841,0.84,7.84,-5.7,-7.94,0.12,-8.14,0
866,0.8,7.72,-5.69,-9.1,-1.65,-10.15,0
891,0.64,7.77,-5.75,-10.99,-0.37,-11.86,0
915,0.64,7.86,-6.03,-11.11,-11.53,-11.92,0
941,0.91,7.71,-6.09,-16.41,-13.05,-13.62,0
965,0.83,7.73,-6.06,-20.87,-15.49,-16.55,0
990,0.75,7.76,-6.21,-26.84,3.04,-18.5,0
1015,0.53,7.96,-6.29,-34.04,9.45,-18.93,0
1039,0.47,7.98,-5.91,-40.5,13.72,-19.9,0
1064,0.1,8.21,-5.69,-44.83,21.64,-19.23,0
1089,0.77,8.21,-5.69,-50.62,36.28,-19.6,0
1114,0.13,8.33,-5.01,-55.32,19.93,-22.1,0
1138,-0.58,8.57,-4.85,-54.46,15.91,-19.66,0
1163,-0.66,8.55,-4.59,-57.82,1.22,-15.51,0
1188,-0.77,8.94,-4.35,-59.65,9.45,-9.36,0
1212,-0.2,9.14,-3.51,-58.91,12.86,-6.73,0
1238,-0.14,9.19,-3.08,-57.02,-1.04,-5.33,0
1262,-0.16,9.08,-2.54,-55.99,0.85,-6.49,0
1287,-0.11,9.17,-2.05,-52.76,9.2,-6.61,0
1311,0.03,8.94,-1.63,-47.76,9.93,-8.38,0
1336,-0.24,8.74,-1.15,-43.67,-2.81,-10.39,0
1361,-0.45,8.8,-0.81,-39.04,-2.38,-9.78,0
1385,0.07,8.55,-0.38,-34.4,6.95,-10.39,0
1410,-0.36,8.28,0.51,-27.76,-1.71,-12.89,0
1434,-1.28,8.62,1.45,-12.82,-1.77,-11.61,0
1460,-1.43,8.58,2.12,6.27,-1.59,-6.43,0
1485,-1.74,8.6,2.5,27.3,-0.19,1.19,0
1509,-1.76,8.05,3.45,52.12,11.15,8.21,0
1534,-2.17,7.59,4.49,84.38,12.8,13.69,0
1558,-3.36,7.12,4.92,124.25,24.39,26.32,0
1583,-4.42,6.48,4.95,167.3,44.81,52.72,0
1608,-4.2,4.56,4.79,214.25,67.68,89.61,0
1633,-3.88,1.28,3.83,244.31,47.92,131.19,0
1658,-1.49,-3.03,1.05,317.36,-23.66,168.39,0
1682,2.24,-5.93,-3.58,404.8,-82.44,170.34,0
1708,5.13,-8.55,-13.43,426.32,-92.75,127.72,0
1732,5.88,-6.55,-19.22,370.04,-85.13,69.85,0
1757,5.4,-3.05,-19.22,239.68,-25.55,32.9,0
1783,5.15,-0.16,-19.22,117.18,-51.41,6.86,0
1807,4.02,-0.4,-19.22,-20.56,-36.04,-5.94,0
1832,3.99,-0.31,-19.22,-121.29,-24.76,-9.72,0
1856,3.16,0.51,-16.26,-149.83,16.64,-10.27,0
1882,3.39,1.68,-13.76,-147.39,-6.35,-15.82,0
1906,3.02,2.03,-12.24,-148.43,8.11,-26.37,0
1931,3.4,2,-11.53,-153.55,38.9,-41.73,0
1956,3.07,2.02,-10.87,-166.05,-4.82,-56.73,0
1981,2.8,2.12,-10.34,-182.33,23.04,-69.11,0
2006,1.91,2.41,-9.24,-191.29,19.87,-78.32,0
2030,0.88,2.84,-8.62,-198.85,51.09,-81.85,0
2056,0.36,3.44,-6.53,-199.34,7.98,-83.32,0
2080,0.19,4.25,-6.31,-194.71,25.91,-79.6,0
2105,0.28,4.24,-5.57,-196.29,22.62,-82.53,0
2130,-0.48,4.99,-4,-193.85,16.82,-82.95,0
2154,-1.3,5.65,-2.83,-189.52,36.95,-79.96,0
2180,-0.92,5.84,-1.94,-182.21,54.51,-78.62,0
2204,-1.81,6.51,-1.22,-174.83,47.68,-78.2,0
2229,-3.29,6.75,-0.32,-168.73,54.87,-71.49,0
2254,-3.58,6.61,0.31,-158.18,81.82,-61.73,0
2279,-3.8,6.55,2.14,-143.67,20.61,-55.39,0
2304,-4.32,7.14,2.98,-126.6,1.7,-43.01,0
2328,-4.39,7.42,4.08,-111.47,11.64,-30.45,0
2353,-4.83,7.51,5.07,-91.23,16.64,-16.61,0
2378,-4.97,7.57,6.01,-64.95,-23.54,-5.51,0
2403,-4.22,8.47,6.66,-33.91,-12.32,10.64,0
2428,-3.36,8.21,7.89,-3.55,-10.43,17.72,0
2452,-3.73,8.78,8.23,38.46,-14.88,22.84,0
2477,-3.93,8.43,8.56,82.49,-27.14,33.14,0
2502,-3.79,7.89,8.27,123.4,-30.61,45.46,0
2527,-4.46,6.42,7.88,161.21,-27.14,56.68,0
2552,-5.57,5.48,7.92,200.23,-19.03,76.01,0
2576,-5.73,4.19,7.6,243.46,10.18,110.83,0
2602,-4.85,1.77,6.66,277,59.69,153.2,0
2626,-4.55,-3.1,5.3,282.55,23.9,200.64,0
2651,-2.55,-7.43,2.3,318.09,-76.28,231.92,0
2675,-0.56,-11.59,-2.34,449.98,-120.37,247.65,0
2701,1.54,-15.95,-5.48,544.68,-261.77,201.74,0
2726,-0.8,-18.63,-11.09,571.32,-226.1,147.41,0
2751,1.97,-15.69,-19.22,557.48,-7.5,128.69,0
2776,5.82,-12.11,-19.22,407.18,-75.98,108.08,0
2800,3.65,-8.28,-19.22,200.78,-113.84,60.34,0
2826,2.76,-7.08,-19.22,46.76,24.32,35.34,0
2851,5.66,-7.7,-19.22,-59.95,35.3,4.43,0
2875,6.29,-7.32,-19.22,-126.96,18.47,-22.22,0
2901,3.9,-4.95,-17.89,-160.86,-12.44,-38.26,0
2925,2.27,-3.76,-15.29,-183.79,33.71,-50.09,0
2950,3.16,-3.11,-14.13,-195.38,91.09,-68.87,0
2974,3.71,-3.54,-13.3,-213.91,73.78,-92.89,0
3000,2.41,-2.9,-11.72,-231.41,51.64,-109.72,0
3025,1.35,-1.45,-9.8,-247.51,57.19,-112.04,0
3049,1.83,-0.56,-9.86,-239.77,82.62,-112.59,0
3075,1.79,-0.56,-8.65,-239.83,53.04,-118.26,0
3099,1.47,0.97,-7.34,-234.52,91.03,-120.94,0
3124,1.29,2.12,-6.71,-227.08,115.67,-124.9,0
3150,0.31,2.8,-5.16,-207.21,98.17,-126.92,0
3174,-0.41,3.73,-4.89,-196.29,126.52,-123.2,0
3199,-2.02,4.36,-4.61,-190.8,118.17,-116.37,0
3224,0.12,4.47,-3.23,-174.83,47.8,-119.54,0
3249,-0.35,5.38,-2.57,-159.22,23.9,-115.33,0
3273,-0.31,5.93,-1.51,-150.74,29.32,-108.87,0
3299,-0.56,6.31,-1.19,-143.24,23.53,-106.24,0
3324,-1.9,6.71,-0.69,-136.54,26.89,-102.28,0
3348,-2.01,7.13,-0.16,-131.96,38.29,-94.66,0
3373,-2.3,6.79,0.6,-128.61,48.47,-92.83,0
3398,-2.69,7.35,0.93,-119.83,26.15,-90.21,0
3423,-3.55,7.08,1.71,-114.1,5.24,-84.9,0
3448,-4.14,6.87,2.86,-106.23,21.64,-78.14,0
3472,-4.8,7.1,4.12,-96.47,20.24,-70.45,0
3498,-5.56,7.42,4.7,-82.27,29.14,-60.33,0
3522,-6.08,8.05,5.43,-56.9,17.56,-45.09,0
3547,-7.3,8.02,5.74,-32.63,6.89,-25.64,0
3571,-8.12,7.71,6.52,-11.11,5.36,-0.57,0
3596,-7.73,7.74,6.78,17.3,-15,27.47,0
3621,-6.86,7.03,7,49.93,-41.35,53.51,0
3646,-5.98,6.88,7.84,82.73,-62.32,69.61,0
3671,-6.28,6.66,8.55,120.9,-39.7,85.34,0
3695,-7.74,5.9,9,166.14,-49.21,109.73,0
3720,-7.93,5.15,9.82,216.27,-17.99,146.68,0
3746,-6.5,2.57,9.79,281.14,-7.2,193.45,0
3770,-3.61,-1.78,8.98,337.36,48.41,237.65,0
3795,-9.16,-7.39,-3.79,167.24,33.96,305.28,0
3819,-5.2,-12.97,-1.27,426.14,-61.65,315.82,0
3845,0.02,-15.69,-6.7,448.95,-14.58,377.9,0
3869,4.28,-19.65,-15.54,529.07,-218.17,360.34,0
3895,6.62,-18.63,-19.22,571.99,-101.71,305.21,0
3920,13.37,-13.99,-19.22,531.69,-125.37,218.08,0
3945,13.95,-8.75,-19.22,249.92,-186.1,135.4,0
3970,11.47,-5.37,-19.22,33.4,-15.19,59.79,0
3994,12.86,-6.96,-19.22,-89.46,59.57,-12.89,0
4020,10.5,-6.27,-17.51,-134.71,57.68,-61.49,0
4045,7.59,-3.34,-12.77,-138.18,47.07,-81.18,0
4069,6.62,-1.19,-11,-120.68,34.87,-89.54,0
4095,6.07,-1.51,-11.23,-118.24,-23.54,-94.72,0
4119,4.25,-1.19,-11.28,-130.07,4.26,-95.45,0
4144,5,-1.26,-10.64,-143,79.26,-101.49,0
4169,4.49,-1.06,-10.17,-148.12,103.78,-111.92,0
4194,4.51,-0.69,-10.79,-157.27,28.78,-117.46,0
4219,4.13,-0.82,-10.03,-174.89,23.35,-124.35,0
4244,3.17,0.37,-8.52,-180.19,88.78,-125.82,0
4269,2.73,1.16,-8.38,-181.11,37.8,-122.65,0
4293,2.07,1.66,-7.27,-181.47,34.39,-115.7,0
4319,1.3,2.67,-6.49,-173.24,21.15,-106.67,0
4344,1.62,3.52,-5.17,-161.17,13.59,-99.05,0
4368,1.61,4.71,-4.09,-148.85,-1.35,-91.43,0
4393,2.01,5.73,-3.68,-139.65,-22.5,-85.39,0
4418,1.93,6.04,-2.71,-129.22,3.35,-85.15,0
4443,1.06,6.56,-2.09,-119.34,-1.59,-83.56,0
4467,0.4,7.54,-1.65,-106.47,-9.58,-76.92,0
4492,0.38,7.56,-1.31,-97.33,0.06,-71.12,0
4517,-0.03,7.7,-0.76,-88.97,16.21,-66.92,0
4542,-0.88,7.61,0.01,-81.6,21.03,-60.76,0
4567,-1.06,8.28,0.18,-70.74,18.35,-50.09,0
4591,-1.59,7.93,0.56,-61.41,3.78,-43.07,0
4616,-2.13,7.79,1.19,-54.77,-3.85,-36,0
4640,-2.19,7.54,2.1,-44.34,23.23,-26.67,0
4665,-2.32,7.16,2.92,-29.4,-0.74,-19.72,0
4691,-3.09,7.19,3.68,-8.98,-12.26,-12.22,0
4715,-4.05,7.37,4.71,18.04,-17.5,3.69,0
4740,-4.27,6.77,5.66,51.82,-22.75,24.79,0
4764,-4.54,5.75,7.23,92.36,-43.3,43.21,0
4789,-5.42,5.56,8.28,151.08,-41.59,70.16,0
4815,-6.45,4.71,7.7,218.95,-28.11,114.42,0
4839,-6.37,1.26,6.95,297.12,-15.92,174.97,0
4864,-4.93,-4.78,5.79,367.06,-2.99,233.93,0
4888,-0.78,-10.33,2.74,440.47,-48.72,271.5,0
4914,1.72,-14.94,-1.36,475.47,-161.59,276.62,0
4938,-0.97,-19.65,-3.49,447.73,-20.86,271.13,0
4963,1.64,-17.9,-19.22,512.91,-134.03,236.37,0
4989,5.87,-13.5,-19.22,373.28,-38.54,201.44,0
5013,8.82,-10.68,-19.22,229.68,-73.97,141.07,0
5039,9.13,-9.24,-19.22,147.97,-48.97,81.62,0
5063,10.93,-10.09,-19.22,-33.79,16.46,19.42,0
5088,10.55,-9.01,-19.22,-114.89,55.91,-31.43,0
5114,7.11,-6.07,-19.11,-151.9,-3.18,-58.38,0
5138,6.12,-4.68,-16.48,-184.64,66.21,-70.82,0
5163,6.49,-4.79,-14.83,-205.25,97.07,-90.82,0
5188,6.11,-4.67,-13.5,-224.4,58.59,-110.7,0
5213,6.16,-4.46,-11.99,-243.06,36.58,-129.17,0
5237,4.58,-4.01,-10.11,-252.21,67.43,-145.02,0
5263,4.05,-3.39,-8.94,-249.28,78.96,-153.26,0
5288,2.7,-2.84,-7.58,-249.28,70.24,-159.41,0
5312,2.8,-1.12,-6.72,-242.08,70.3,-158.32,0
5338,0.56,-1.72,-4.42,-231.11,30.54,-159.48,0
5362,0.33,0.91,-4.41,-224.83,83.65,-155.76,0
5387,-0.39,1.62,-3.68,-212.82,97.13,-155.57,0
5413,-0.58,2.64,-3.28,-203.43,46.7,-146,0
5437,-1.65,3.51,-1.89,-186.84,24.39,-130.33,0
5462,-2.23,4.96,-1.47,-171.96,52.5,-114.78,0
5486,-1.39,5.66,-0.49,-156.72,12.68,-103.5,0
5512,-0.9,6.43,0.43,-138.24,-27.26,-92.04,0
5536,-2.17,6.53,1.16,-125.19,-31.83,-84.78,0
5561,-2.01,7.66,1.84,-113.61,-13.42,-74.96,0
5586,-1.84,7.71,2.4,-95.74,-32.44,-63.62,0
5611,-2.62,7.71,2.96,-83.79,-38.6,-59.23,0
5636,-2.86,7.93,3.55,-70.87,-40.67,-51.79,0
5660,-3.1,8,4.12,-58.85,-35.43,-41.55,0
5685,-2.91,8.22,4.83,-45.38,-37.87,-31.79,0
5711,-3.67,8.35,5.5,-28.79,-31.59,-22.65,0
5735,-3.9,8.6,6.43,-9.89,-13.11,-12.59,0
5760,-3.61,8.16,7.29,15.17,-13.54,-2.04,0
5784,-3.94,7.55,8.18,51.02,-26.1,8.57,0
5809,-4.18,7.23,8.69,93.34,-32.2,22.17,0
5833,-5.14,7.29,9.33,140.78,-25.98,39.06,0
5859,-6.06,6.7,9.61,196.02,-38.48,62.84,0
5884,-8.3,4.97,9.13,253.58,-53.97,98.02,0
5908,-7.13,2.27,8.84,307.91,4.2,144.24,0
5933,-4.6,-3.15,6.67,363.76,132.98,204.48,0
5958,-0.85,-10.07,3.94,409.74,121.58,271.68,0
5983,2.09,-15.48,1.49,401.14,77.74,330.03,0
6008,1.59,-19.65,-3.57,502.97,-266.34,307.47,0
6033,-3.26,-19.65,-15.54,589.07,-250.31,254,0
6058,2.89,-18.7,-19.22,586.08,-27.14,233.33,0
6083,10.94,-15.88,-19.22,361.57,-54.88,181.74,0
6108,10.45,-11.35,-19.22,97.36,-104.27,103.02,0
6133,8.5,-9.77,-19.22,-86.6,35.97,35.46,0
6158,11.42,-8.7,-19.22,-173.79,159.32,-24.17,0
6183,9.52,-5.47,-17.82,-196.29,58.29,-65.94,0
6208,6.57,-3.66,-14.44,-204.4,15.54,-80.76,0
6233,6.68,-2.74,-12.44,-213.49,108.1,-99.05,0
6257,7.37,-2.45,-11.51,-209.77,83.1,-120.82,0
6283,5.77,-2.74,-11.15,-213.79,11.15,-138.74,0
6308,5.06,-2.2,-10.38,-227.45,82.25,-158.5,0
6332,5.14,-1.85,-9.41,-233.49,110.91,-173.99,0
6358,2.67,-1.64,-7.43,-234.95,52.68,-182.16,0
6382,0.79,-0.87,-7.59,-245.19,104.93,-179.66,0
6407,-1.47,-0.28,-5.15,-259.1,146.88,-169.72,0
6432,-1.86,1.43,-3.92,-216.29,32.13,-159.41,0
6457,-2.09,2.56,-2.71,-183,-34.27,-140.76,0
6482,-0.34,3.57,-1.32,-154.4,-21.89,-120.76,0
6507,-0.22,5.16,-0.04,-161.84,-17.44,-103.32,0
6532,-0.52,5.91,1.07,-146.54,-0.19,-96.31,0
6556,-0.64,6.93,1.57,-128.67,11.28,-93.93,0
6581,-0.76,7.92,1.69,-111.6,0.24,-87.65,0
6607,-0.97,7.89,1.73,-96.54,7.07,-82.1,0
6631,-1.52,7.77,2.17,-83.24,16.4,-80.51,0
6656,-1.36,8.25,2.12,-71.23,20.79,-81.31,0
6680,-1.5,8.68,1.95,-60.68,3.65,-78.56,0
6705,-2.46,8.06,2.12,-55.93,1.82,-73.81,0
6729,-2.26,8.48,1.24,-54.04,35.3,-69.6,0
6755,-3.25,8.99,1.68,-50.99,15.36,-62.53,0
6780,-3.1,8.89,1.6,-48.98,8.65,-53.32,0
6804,-3.36,7.71,2.09,-54.16,16.52,-52.65,0
6829,-4.34,7.32,2.51,-58.61,11.03,-51.55,0
6853,-5.96,7.49,3.63,-54.83,30.3,-41.73,0
6879,-7.73,8.63,6.05,-31.41,1.52,-18.93,0
6904,-9.26,9.21,7.46,5.66,-12.2,20.95,0
6928,-9.68,8.8,10.51,58.65,-40.37,62.05,0
6953,-10.2,7.93,11.7,132.73,-64.94,103.14,0
6977,-10.22,6.09,12.05,208.89,-96.95,143.08,0
7003,-8.81,3.08,11.88,281.75,-74.64,183.08,0
7027,-5.19,-0.76,11.29,366.26,-55.19,214.73,0
7053,-1.37,-6.35,8.51,458.28,-50.61,233.2,0
7078,1.67,-11.99,4.64,533.46,-39.88,241.25,0
7102,3.58,-17.7,-0.34,576.26,-107.69,227.53,0
7128,1.02,-19.65,-8.71,557.6,-20,196.13,0
7152,2.89,-18.09,-19.22,527.79,20.73,187.9,0
7177,4.53,-14.69,-19.22,423.03,-146.71,144,0
7203,2.03,-9.76,-19.22,261.88,-128.54,104.49,0
7227,5.54,-8.57,-19.22,69.74,17.92,82.72,0
7252,6.31,-7.3,-19.22,-69.52,-10.37,47.29,0
7277,7.25,-5.51,-19.22,-133.61,42.37,13.69,0
7302,6.15,-2.54,-15.29,-147.69,19.2,-12.65,0
7326,5.67,-0.78,-14.61,-143.06,18.9,-31.06,0
7352,5.33,-2.67,-15.9,-157.75,49.69,-59.9,0
7377,4.44,-1.9,-15.37,-197.94,117.01,-83.56,0
7401,5.16,-3.22,-13.64,-235.56,118.17,-113.74,0
7427,4.89,-2.81,-12.2,-261.35,91.34,-135.63,0
7451,2.38,-3.08,-10.87,-289.95,128.04,-146.85,0
7476,0.56,-2.89,-8.03,-320.92,183.59,-151,0
7502,1.2,-1.59,-6.76,-277.81,74.45,-158.38,0
7526,0.4,-0.67,-4.38,-250.13,-29.03,-153.74,0
7551,-0.14,1.53,-2.88,-222.14,-42.56,-138.62,0
7576,-0.12,3.05,-1.54,-223.49,-10.74,-120.45,0
7601,-0.4,4.31,0.09,-209.03,-14.39,-109.72,0
7625,-0.7,5.71,1.04,-190.62,-8.05,-100.39,0
7650,-0.59,6.26,1.83,-168,18.96,-94.9,0
7676,-0.81,6.22,1.92,-148.73,38.71,-94.84,0
7700,-0.56,6.21,2.31,-130.68,37.07,-98.2,0
7725,-1.2,6.35,2.86,-113.49,12.13,-101.37,0
7749,-2.32,6.69,3.09,-100.26,28.78,-101.73,0
7775,-3.04,7.74,2.75,-87.39,69.14,-94.54,0
7800,-2.85,8.2,2.54,-75.68,50.12,-89.29,0
7824,-3.93,7.8,2.57,-68.49,22.92,-83.56,0
7849,-5.3,7.61,3.03,-65.5,29.81,-71.85,0
7874,-5.94,7.14,3.05,-65.13,47.13,-58.56,0
7899,-6.88,6.9,4.3,-57.88,14.14,-45.45,0
7923,-8.75,7.08,5.69,-40.8,-20.31,-24.05,0
7948,-10.08,7.94,6.84,-20.8,-36.22,15.16,0
7973,-9.08,7.6,8.84,22.61,-20.8,57.17,0
7998,-7.7,7.33,9.86,77.12,-61.47,88.02,0
8023,-5.72,6.66,10.73,140.47,-115.49,108.88,0
8047,-4.71,5.35,10.77,204.19,-144.27,110.7,0
8073,-6.02,5.23,11.99,269.62,-98.3,113.14,0
8098,-7.21,2.85,13.38,352.12,-11.04,141.07,0
8122,-5.7,-3.49,13.54,454.92,15.61,187.05,0
8148,0.02,-12.53,12.23,578.27,51.21,234.67,0
8172,0.49,-19.65,-0.99,643.94,19.2,280.7,0
8197,-2.49,-19.65,-3.51,577.79,-126.34,297.23,0
8222,-1.97,-19.65,-19.22,763.21,-155.8,249.73,0
8247,5.39,-19.65,-19.22,601.87,-183.3,201.92,0
8273,3.42,-14.69,-19.22,263.83,-100,122.29,0
8297,4.84,-12.25,-19.22,-25.99,41.7,65.46,0
8322,6.47,-12.46,-19.22,-206.41,105.06,12.9,0
8347,4.62,-8.78,-19.22,-266.53,103.1,-17.65,0
8372,2.93,-4.32,-13.63,-263.73,58.35,-18.26,0
8397,3.97,-1.9,-10.85,-246.29,94.93,-19.78,0
8422,5.22,-1.32,-8.82,-232.45,116.21,-37.16,0
8447,5.03,-1.43,-8.56,-225.44,130.91,-67.28,0
8471,4.83,-0.26,-7.81,-216.11,90.24,-90.27,0
8497,6.34,0.33,-7.14,-204.95,99.51,-109.96,0
8521,5.91,0.3,-6.76,-194.64,69.26,-128.93,0
8546,3.56,0.98,-5.98,-191.66,98.04,-143.5,0
8571,3.37,1.68,-5.94,-184.58,144.08,-156.85,0
8596,3.2,2.35,-5.39,-182.02,11.7,-161,0
8621,0.55,4.23,-5.15,-176.35,119.69,-156.31,0
8645,1.51,3.93,-4.55,-173.06,101.09,-156.98,0
8671,1.11,4.47,-4.28,-165.13,47.13,-158.93,0
8696,-0.2,5.42,-3.06,-157.45,9.63,-152.16,0
8720,-1.34,6.02,-2.1,-147.27,27.13,-143.5,0
8746,-0.4,6.8,-1.74,-141.05,9.51,-133.74,0
8770,-1.33,7.22,-0.97,-140.25,-24.52,-124.84,0
8795,-1.72,6.92,0.12,-142.08,5.79,-120.15,0
8820,-2.4,7.23,0.7,-143.67,36.89,-116.24,0
8845,-2.57,6.99,1.73,-137.69,33.23,-117.59,0
8870,-3.56,6.8,2.44,-128.36,10.12,-113.56,0
8894,-4.72,6.73,3.19,-116.35,31.7,-108.32,0
8920,-5.47,6.53,3.64,-104.1,45.36,-98.93,0
8944,-6.86,6.48,4.4,-88.91,34.93,-85.7,0
8969,-8.21,6.66,5.71,-67.02,20.12,-65.7,0
8994,-8.38,6.67,6.58,-40.62,17.25,-40.64,0
9019,-9.02,7.04,7.13,-8.31,-11.59,-11.86,0
9044,-9.62,7.3,7.55,27.37,-23.54,22.29,0
9068,-9.37,6.78,8.86,61.88,-31.16,58.14,0
9093,-9.24,5.81,10.37,104.19,-25.74,88.63,0
9117,-12.04,4.83,12.63,163.71,-37.93,121.31,0
9143,-18.08,4.74,15.86,240.84,-45.86,187.29,0
9168,-16,-2.69,15.38,337.12,38.9,300.21,0
9193,-10.28,-12.28,11.24,436.93,6.52,385.46,0
9218,-3.6,-19.4,5.87,505.71,-125.55,444.05,0
9242,4.17,-19.65,0.64,540.65,-110.19,433.38,0
9268,4.91,-19.65,-5.63,582.73,-213.48,379.06,0
9293,5.69,-19.65,-19.22,587.36,-123.23,283.26,0
9318,11.8,-18.35,-19.22,465.59,-96.71,230.95,0
9343,7.51,-11.45,-19.22,257.42,-247.75,148.94,0
9368,5.67,-8.82,-19.22,109.8,-37.38,105.95,0
9393,10.41,-9.57,-19.22,-38.91,-16.53,49.67,0
9417,8.8,-7.17,-19.22,-94.95,26.46,5.71,0
9442,6.99,-4.39,-15.83,-108,11.4,-23.32,0
9468,5.38,-1.75,-13.99,-105.8,17.92,-36.61,0
9492,4.94,-1.61,-13.94,-115.13,50,-47.1,0
9517,5.87,-1.95,-14.48,-136.54,109.87,-68.07,0
9542,5.93,-2.79,-14.27,-166.05,108.96,-100.15,0
9567,5.25,-2.6,-13.95,-194.1,113.71,-125.7,0
9592,5.72,-2.78,-13.41,-215.19,140.73,-145.02,0
9617,5.26,-2.78,-11.59,-234.83,107.8,-165.15,0
9642,4.22,-2.49,-9.89,-248.61,91.09,-183.5,0
9667,4.34,-2.11,-8.75,-255.86,77.56,-197.71,0
9692,2.17,-1.4,-6.31,-261.9,38.17,-197.59,0
9716,0.6,0.44,-4.47,-257.57,51.95,-192.4,0
9742,0.33,1.32,-2.77,-240.13,35.73,-183.13,0
9767,-1.52,1.96,-1.35,-227.82,6.46,-170.94,0
9791,-2.05,3.26,-0.47,-214.1,3.29,-155.7,0
9816,-1.51,4.68,0.42,-197.45,-1.83,-136.98,0
9841,-2.13,5.7,1.51,-180.32,-15.13,-120.82,0
9866,-2.4,6.31,2.11,-166.11,8.17,-105.51,0
9891,-2.51,6.23,3.03,-150.01,44.32,-95.39,0
9915,-2.06,8.7,3.85,-128.67,61.4,-89.54,0
9941,-2.36,8.68,4.03,-106.66,46.34,-84.05,0
9965,-3.06,8.17,4.83,-84.46,39.02,-78.87,0
9990,-4.37,8.28,5.25,-66.66,40.61,-72.53,0
10014,-5.24,8.55,5.33,-49.77,33.84,-58.5,0
10040,-5.8,8.3,5.76,-28,27.07,-44.23,0
10065,-6.36,8.35,5.99,-7.88,10.36,-28.62,0
10089,-7.33,7.76,6.21,10.23,-0.49,-9.17,0
10114,-8.52,7.8,6.47,33.4,-36.83,13.27,0
10138,-8.17,8.06,7.01,59.93,-46.41,46.07,0
10164,-6.71,7.2,7.71,88.95,-40.25,73.2,0
10189,-7.92,6.26,8.68,120.17,-17.69,97.41,0
10213,-11.02,5.14,11.91,155.72,59.63,150.58,0
10239,-12.37,2.82,15.27,233.83,73.23,227.78,0
10263,-13.52,-3.36,15.96,367.24,-44.7,318.32,0
10288,-5.79,-14.34,12.37,527.06,-118.23,391.19,0
10313,1.22,-19.65,7.56,465.29,-64.09,446.49,0
10338,-0.5,-19.65,-8.72,671.75,-360.18,368.93,0
10364,5.67,-19.65,-19.22,766.81,-239.64,270.09,0
10388,6.5,-19.1,-19.22,558.09,-88.48,222.59,0
10414,10.8,-12.72,-19.22,272.06,-78.3,143.33,0
10438,8.61,-9.29,-19.22,18.16,-108.66,64.79,0
10464,8.43,-10.19,-19.22,-128.55,61.15,9,0
10489,7.62,-7.49,-18.09,-177.57,88.23,-29.17,0
10513,6.46,-2.86,-13.16,-167.57,45.79,-40.45,0
10539,5.91,-1.12,-12.18,-138.24,36.21,-46.98,0
10563,4.59,-0.26,-11.21,-135.44,24.87,-52.65,0
10588,5.48,-0.42,-11.01,-148.55,69.69,-64.72,0
10613,6.16,-0.84,-11.42,-160.68,114.93,-92.77,0
10638,5.97,-1.29,-11.51,-179.71,67.01,-121.61,0
10663,4.56,-1.32,-11.25,-199.1,110.73,-136.24,0
10688,4.82,-1.05,-10.73,-212.08,85.18,-147.89,0
10713,4.08,-0.5,-10.07,-224.77,58.71,-155.63,0
10738,3.64,-0.47,-8.46,-231.47,60.97,-162.46,0
10763,2.91,0.56,-7.19,-231.17,31.82,-162.89,0
10788,1.67,1.22,-5.32,-224.64,26.64,-161.3,0
10813,1.49,2.43,-3.94,-217.45,2.62,-157.52,0
10838,1.39,3.58,-3.08,-211.41,21.28,-156.12,0
10862,0.95,3.53,-1.58,-205.19,17.13,-159.9,0
10888,-0.34,4.01,-0.72,-196.84,1.46,-160.76,0
10912,-1.71,4.73,-0.33,-186.11,22.01,-160.88,0
10937,-2,5.15,1.38,-176.96,35.97,-156.12,0
10963,-3.73,4.65,1.88,-167.45,55.36,-153.26,0
10987,-4.78,6.31,2.88,-154.83,70.06,-146.31,0
11012,-5.59,6.56,3.59,-138.85,62.01,-134.35,0
11037,-6.55,6.76,4.63,-117.33,16.89,-119.29,0
11062,-7.87,6.71,4.65,-105.32,27.5,-99.17,0
11087,-8.56,7.58,5.96,-92.08,40,-71.85,0
11112,-8.73,7.2,6.42,-73.85,49.2,-45.7,0
11137,-8.85,6.89,7.15,-51.17,32.68,-23.5,0
11161,-8.88,7.6,7.85,-20.26,21.4,3.45,0
11186,-9.83,7.54,8.55,16.33,-4.15,37.96,0
11211,-10.92,6.71,9.84,65.96,-50.43,76.86,0
11236,-9.01,5.07,9.31,116.39,-71.04,118.14,0
11261,-8.65,4.33,10.21,169.01,-82.99,157.72,0
11286,-10.27,3.83,13.19,242.24,-91.1,192.65,0
11311,-9.53,0.44,11.3,311.33,-78.54,230.15,0
11335,-6.1,-4.6,11.48,389.86,-40.49,261.56,0
11361,-7.36,-10.8,7.98,469.56,-46.71,294.54,0
11386,-4.99,-15.64,5.69,545.71,-131.47,345.82,0
11411,-2.05,-19.65,0.91,610.35,-171.71,364.24,0
11436,-4.68,-19.65,-12.06,646.08,-73.72,359.73,0
11460,5.87,-19.65,-19.22,630.41,-98.24,319.3,0
11486,3.48,-19.65,-19.22,539.13,-313.05,221.01,0
11511,5.15,-16.17,-19.22,311.69,-141.34,126.13,0
11536,4.91,-11.7,-19.22,60.66,-32.93,54,0
11561,4.59,-11.15,-19.22,-124.04,37.25,0.77,0
11586,5.43,-9.18,-19.22,-205.19,119.14,-28.07,0
11611,3.88,-5.33,-15.99,-213.91,76.46,-37.89,0
11635,3.28,-4.04,-12.69,-196.17,9.14,-37.34,0
11661,2.6,-2.61,-11.49,-190.5,84.45,-40.39,0
11686,4.36,-2.23,-11.68,-191.35,157.31,-60.09,0
11710,4.74,-2.8,-10.99,-197.57,118.23,-89.84,0
11736,3.69,-2.25,-9.85,-201.17,77.01,-110.21,0
11760,2.63,-1.93,-8.89,-205.25,110.73,-118.26,0
11786,3.25,-1.11,-9.49,-207.02,135.24,-127.89,0
11811,3.16,-0.72,-8.36,-206.11,94.14,-135.63,0
11835,1.6,0.17,-6.65,-205.19,60.36,-134.05,0
11861,1.1,1.48,-6.12,-201.05,77.8,-127.59,0
11885,2.16,2.13,-5.55,-191.84,76.28,-124.54,0
11910,2.25,2.67,-3.91,-181.96,5.36,-126.85,0
11935,0.65,4.31,-3.19,-174.64,-17.32,-122.83,0
11960,1.48,5.03,-2.34,-165.07,17.86,-117.65,0
11985,1.19,5.69,-1.73,-156.66,20.91,-115.7,0
12010,0.53,5.95,-1.21,-149.65,33.59,-118.87,0
12035,-0.23,7.11,-0.9,-140.25,28.78,-116.98,0
12059,0.19,7.43,-0.74,-132.88,39.81,-114.78,0
12085,-0.21,7.76,-0.12,-126.11,38.17,-114.05,0
12110,-0.79,7.62,0.44,-123.43,76.21,-117.71,0
12134,-1.58,7.76,0.05,-120.26,78.29,-119.78,0
12160,-1.91,8.17,0.53,-115.44,54.14,-121.61,0
12184,-2.92,7.62,0.43,-118.06,34.69,-123.32,0
12209,-3.93,7.25,1.38,-122.69,54.81,-122.1,0
12234,-5.1,6.96,1.83,-123.73,74.99,-117.77,0
12259,-5.56,8.23,2.3,-114.22,72.62,-110.88,0
12284,-6.65,7.96,3.39,-101.54,28.47,-98.32,0
12309,-8.11,7.34,4.12,-91.78,19.57,-74.23,0
12334,-9.73,6.17,6.26,-73.55,-0.13,-46.31,0
12358,-10.75,5.96,7.51,-44.22,-0.68,-13.56,0
12383,-10.87,6.4,9.62,-3.79,-25.67,26.19,0
12409,-11.59,6.37,11.85,49.19,-57.08,72.9,0
12433,-12.17,4.98,11.7,105.9,-70.43,118.57,0
12458,-13.68,3.96,13.06,166.02,-53.6,170.03,0
12483,-13.36,1.79,14.54,252.91,-103.97,232.29,0
12508,-11.93,-3.42,15,352.85,-139.03,287.84,0
12533,-8.13,-10.3,14.3,467.42,-92.5,331.68,0
12558,-4.88,-18.79,10.62,577.48,-80.43,376.8,0
12584,-2.23,-19.65,5.8,628.46,-93.36,446.25,0
12608,-3.1,-19.65,-0.48,735.96,-273.17,436.31,0
12634,5.27,-19.65,-17.31,765.83,-214.64,348.45,0
12658,11.76,-19.65,-19.22,579.01,-104.21,249.36,0
12684,7.21,-16.94,-19.22,324.68,-125.49,150.03,0
12709,6.98,-12.77,-19.22,57.73,30.79,78.51,0
12733,9.77,-14.36,-19.22,-121.47,55.24,6.68,0
12759,9.51,-11.71,-19.22,-185.19,78.59,-45.15,0
12783,6.17,-6.47,-17.19,-189.58,43.17,-65.21,0
12809,4.61,-3.02,-13.58,-185.19,40.42,-65.57,0
12834,4.7,-1.88,-12.25,-186.05,69.32,-69.48,0
12858,5.59,-2.42,-11.9,-194.1,108.53,-88.99,0
12884,5.96,-2.67,-11.53,-207.69,116.15,-118.56,0
12908,7.54,-2.76,-10.52,-220.13,133.53,-146.61,0
12934,5.18,-2.5,-9.68,-226.66,149.32,-174.41,0
12958,5.02,-2.33,-8.29,-225.92,133.41,-188.74,0
12983,3.82,-0.83,-8.28,-223.67,101.46,-193.07,0
13009,2.85,-0.45,-7.03,-223.42,90.36,-195.51,0
13033,1.31,0.89,-5.16,-216.66,28.71,-188.44,0
13058,1.18,2.72,-4.44,-197.63,22.37,-174.41,0
13083,2.03,3.64,-3.49,-181.84,38.65,-168.26,0
13108,1.73,3.96,-2.46,-174.89,-9.15,-166.24,0
13133,1.36,4.71,-1.36,-172.39,-2.63,-163.26,0
13158,1.37,5.02,-0.36,-164.64,29.08,-166.49,0
13183,0.73,5.47,-0.01,-150.32,35.97,-172.1,0
13207,-0.42,5.21,0.72,-139.95,17.19,-178.38,0
13233,-1.43,5.16,1.43,-125.86,12.13,-186.61,0
13257,-3.12,5.33,2.25,-116.78,29.26,-186.73,0
13282,-4.09,5.72,1.8,-107.76,41.82,-183.44,0
13308,-5.84,5.3,2.13,-96.41,6.22,-178.74,0
13332,-6.24,5.87,2.17,-95.26,8.96,-170.02,0
13357,-6.9,4.92,2.15,-97.69,36.82,-161.61,0
13382,-8.7,5.78,2.56,-99.71,12.37,-143.87,0
13407,-12.12,6,3.91,-94.89,16.95,-115.21,0
13432,-12.21,6.03,3.82,-96.9,-0.68,-74.11,0
13456,-13.32,4.59,5.42,-85.68,12.74,-29.23,0
13482,-13.92,4.85,6.3,-56.66,18.11,16.68,0
13506,-12.18,5.08,10.23,-20.93,23.29,58.69,0
13531,-11.33,6.6,12.89,33.95,26.58,98.02,0
13556,-13.69,6.48,13.87,115.47,-78.97,144.18,0
13581,-12.92,2.01,13.77,203.52,-114.52,180.28,0
13607,-13.87,0.18,9.87,269.07,-120.31,221.56,0
13631,-13.97,-3.09,9.13,309.07,-40.8,288.87,0
13656,-9.96,-6.38,9.02,349.5,-25.13,349.24,0
13681,-6.19,-11.18,6.5,384.56,57.74,414.24,0
13706,-3.53,-18.27,4.04,411.57,-87.56,458.63,0
13732,0.48,-19.65,0.73,552.97,-180.86,459.42,0
13756,3.59,-19.65,-1.08,691.99,-421.95,392.59,0
13781,-1.8,-19.65,-10.17,808.58,-370.49,281.13,0
13806,12.32,-19.65,-19.22,689.68,-29.82,201.8,0
13831,1.98,-19.65,-19.22,404.92,-162.62,98.14,0
13856,-0.69,-12.54,-19.22,80.84,-7.32,71.31,0
13881,2.45,-13.22,-19.22,-186.9,48.29,41.07,0
13907,6.4,-12.01,-19.22,-297.08,203.77,3.33,0
13931,6.74,-7.86,-15.17,-311.17,198.16,-34.9,0
13956,6.42,-4.62,-10.69,-280.5,125.91,-60.57,0
13981,4.69,-2.82,-8.61,-250.13,128.1,-87.34,0
14006,4.46,-2.28,-7.62,-234.22,191.46,-114.78,0
14032,4.43,-1.76,-6.94,-213.06,190.05,-139.72,0
14056,3.35,-0.73,-7.01,-189.22,143.9,-148.99,0
14081,2.81,-0.46,-7.1,-184.46,156.4,-150.15,0
14106,0.66,0.19,-6.35,-188.79,185.79,-137.22,0
14131,-0.05,1.39,-5.7,-186.05,98.41,-118.32,0
14155,0.5,2.65,-6.05,-145.07,58.71,-99.42,0
14181,6.14,3.47,-5.98,-119.58,45.48,-92.04,0
14206,3.85,3.92,-3.13,-122.82,-6.16,-87.46,0
14230,4.14,5.49,-2.19,-125.44,20.3,-83.26,0
14256,5.56,5.78,-2.04,-120.44,60.79,-93.81,0
14280,5.41,6.36,-1.31,-110.44,47.07,-108.87,0
14305,3.42,6.46,-1.02,-101.41,42.68,-120.27,0
14331,4.97,7.1,-1.52,-100.26,96.58,-127.71,0
14355,3.02,6.25,-1.17,-103.49,69.87,-142.4,0
14380,1.03,6.49,-0.85,-103.55,69.57,-151.12,0
14405,0.57,7.37,-0.5,-99.65,57.31,-147.22,0
14430,-0.49,7.49,-0.1,-95.99,25.54,-142.4,0
14455,-1.56,7.76,0.13,-96.35,26.64,-131.73,0
14479,-2.18,7.35,0.9,-98.24,29.39,-124.42,0
14505,-3.35,7.53,1.56,-96.72,8.35,-115.7,0
14529,-4.38,8.14,3.16,-91.17,17.13,-98.81,0
14554,-6.01,7.93,4.26,-78.37,16.34,-79.6,0
14578,-7.84,8.74,5.79,-57.63,-17.14,-51.55,0
14604,-8.03,8.58,6.8,-31.29,-16.77,-15.21,0
14629,-7.22,7.87,7.82,-3.55,-5.74,16.99,0
14653,-6.36,7.79,8.8,30.54,-22.69,44.3,0
14678,-5.12,6.68,8.57,61.39,-35.98,61.86,0
14703,-4.66,6.02,8.89,89.25,-24.58,68.88,0
14728,-6.35,5.06,9.96,121.39,4.02,86.38,0
14752,-12.16,3.8,12.46,163.64,18.47,129.3,0
14778,-19.68,2.11,13.61,211.2,-22.2,235.7,0
14803,-20.6,-7.26,11.49,310.11,-57.56,410.64,0
14827,-13.86,-19.65,4.75,392.97,-201.53,544.72,0
14853,-3.69,-19.65,-5.13,556.51,-400.61,596.19,0
14877,1.01,-19.65,-17.35,697.3,-411.83,519.05,0
14903,11.45,-19.65,-19.22,676.93,-168.78,413.02,0
14928,17.4,-18.12,-19.22,409.62,-54.52,256.8,0
14953,18.6,-10.3,-19.22,142.73,-99.58,117.66,0
14978,12.09,-11.81,-19.22,-106.29,-143.78,25.71,0
15003,12.46,-9.86,-16.85,-164.04,130.18,-16.67,0
15028,10.35,-4.41,-12.45,-135.99,2.25,-34.84,0
15054,8.55,-2.24,-10.8,-103.24,-81.53,-37.46,0
15078,6.56,-1.29,-10.34,-91.84,-7.32,-49.9,0
15103,7.57,-1.41,-11.19,-96.84,78.71,-74.9,0
15128,8.38,-1.81,-12.01,-106.11,66.58,-106.61,0
15153,6.7,-2.41,-12.72,-125.07,46.82,-128.2,0
15177,5.66,-2.1,-13.15,-145.93,119.08,-142.16,0
15203,5.64,-2.9,-12.86,-165.07,114.51,-156.06,0
15228,5.62,-2.84,-12.31,-188.24,51.82,-161.24,0
15253,3.13,-1.53,-10.83,-205.93,52.07,-155.7,0
15278,3.18,-1.11,-9.49,-220.62,88.71,-152.83,0
15302,2.09,-0.27,-7.75,-229.34,48.41,-145.51,0
15328,0.75,0.25,-5.82,-228.12,52.07,-140.76,0
15353,0.72,1.86,-4.68,-214.71,28.96,-129.42,0
15378,0.27,2.78,-2.92,-193.79,-43.36,-112.28,0
15403,-0.44,4.52,-1.5,-176.6,-58.3,-87.53,0
15427,-1.28,5.38,-0.16,-165.44,-150.86,-61.31,0
15453,-2.34,6.45,0.77,-160.01,-45.31,-27.46,0
15477,0.75,7.23,1.1,-140.99,60.06,-12.1,0
15502,1.99,7.01,1.27,-129.71,103.29,-13.75,0
15527,3.83,6.68,1.56,-113.85,77.56,-31.79,0
15552,3.28,7.14,1.87,-103.18,-10.13,-47.28,0
15577,0.24,7.57,2.97,-107.15,23.35,-44.54,0
15601,0.53,7.05,4.01,-94.22,66.64,-42.71,0
15627,-0.14,9.08,4.77,-73.67,-11.53,-35.45,0
15652,-0.88,8.04,5.06,-50.07,0.06,-24.9,0
15676,-0.16,8.54,5.2,-38.73,21.89,-13.5,0
15701,0.96,8.6,6.01,-20.99,18.78,-10.45,0
15725,-1.02,7.8,6.95,6.88,-81.53,-9.84,0
15751,0.08,7.7,6.33,31.27,-137.02,3.08,0
15775,-1.77,5.95,6.46,62.97,-151.71,9.61,0
15800,0.7,6.51,6.27,91.33,-59.45,8.27,0
15825,0.51,5.05,6.43,121.94,-64.58,-6.55,0
15849,1.04,4.77,7.91,172.49,-5.92,-22.34,0
15875,-2.15,3.45,9.51,239.92,6.7,-17.71,0
15899,-4.03,1.5,9.57,328.64,124.2,22.53,0
15924,-8.73,-1.36,10.27,429.43,96.34,86.07,0
15950,-9.3,-7.86,6.57,546.02,-81.04,209.3,0
15974,-3.31,-19.65,-1.85,650.65,-220.37,228.39,0
15999,-3.09,-19.65,-13.87,661.69,-293.6,164.42,0
16024,-4.79,-19.65,-19.22,617.66,-227.81,124.24,0
16049,-4.51,-17.98,-19.22,455.04,-83.3,84.18,0
16074,1.2,-13.82,-19.22,193.58,20.91,75.4,0
16099,1.61,-9.7,-19.22,-20.01,-44.09,64.42,0
16124,1.83,-9.15,-19.22,-157.88,-31.1,52.66,0
16149,2.3,-6.54,-19.22,-214.34,4.45,36.44,0
16174,2.53,-4,-17.1,-222.69,-7.81,17.47,0
16198,2.17,-3.14,-14.92,-229.71,13.53,-5.03,0
16224,2.68,-3.13,-14.21,-245.68,134.32,-37.71,0
16249,2.55,-3.8,-14.29,-268.73,172.37,-75.82,0
16274,0.82,-3.97,-12.86,-286.41,60.3,-93.2,0
16299,-1.65,-3.51,-11.44,-303.67,105.36,-90.27,0
16323,-2.2,-3.25,-10.15,-321.84,235.79,-87.89,0
16349,-4,-2.59,-7.3,-315.92,162.68,-87.28,0
16373,-3.49,-1.26,-5.7,-288.36,14.02,-73.44,0
16398,-2.16,0.48,-4.41,-268.55,-55.8,-49.66,0
16424,-0.45,1.82,-3.08,-260.56,-47.63,-28.14,0
16448,-0.38,2.61,-1.74,-260.13,41.58,-21.18,0
16473,0.5,4.1,0.56,-243.85,53.78,-25.76,0
16498,0.49,4.92,1.85,-222.02,55.91,-31.98,0
16523,0.72,5.73,2.43,-199.71,73.04,-36.67,0
16548,0.09,5.96,3.09,-184.22,112.92,-41.92,0
16572,-0.94,5.28,4.46,-172.69,115.06,-50.09,0
16598,-1.53,6.09,6.89,-139.4,54.69,-54.17,0
16622,-1.67,7.22,8.14,-103.61,43.59,-46.92,0
16647,-1.68,7.73,8.7,-64.83,45.24,-36.55,0
16672,-2.42,7.34,9.99,-27.57,24.02,-28.75,0
16697,-2.93,7.85,10.43,15.84,-35.37,-18.81,0
16722,-2.24,8.12,9.83,58.58,-32.63,-2.65,0
16746,-0.98,7.24,9.24,92.79,-26.53,1.56,0
16772,-1.65,7.4,8.95,126.08,-12.57,4.36,0
16796,-2.24,6.31,8.42,161.94,12.98,16.74,0
16821,-2.44,4.97,8.32,199.19,16.03,28.63,0
16846,-3.64,3.75,9.83,245.35,47.56,49.3,0
16871,-7.78,1.55,11.76,311.26,95.12,92.41,0
16896,-10.22,-3.12,13.11,396.45,60.54,169.06,0
16920,-9.99,-13.44,9.27,532.97,-95.92,261.07,0
16946,-3.34,-19.65,2.01,661.2,-244.39,288.51,0
16970,0.32,-19.65,-7.02,735.71,-336.1,206.86,0
16996,0.15,-19.65,-19.22,696.99,-260.67,99,0
17021,0.73,-19.65,-19.22,520.23,-195,19,0
17046,-2.48,-13.34,-19.22,278.58,-118.17,-16.49,0
17071,-6.92,-10.2,-19.22,34.62,-27.08,-1.92,0
17095,-2.88,-10.91,-19.22,-103.24,47.25,20.34,0
17121,-0.2,-8,-19.22,-159.58,19.02,25.46,0
17146,-0.53,-4.94,-19.22,-178.85,29.87,18.82,0
17170,0.34,-3.85,-18,-201.53,79.32,6.93,0
17196,1.24,-3.67,-17.62,-231.78,135.12,-14.36,0
17220,1.69,-4.19,-17.2,-265.31,149.14,-43.87,0
17246,1.21,-4.97,-16.24,-311.29,199.81,-68.44,0
17271,-1.32,-5.94,-13.7,-358.48,326.09,-83.68,0
17295,-2.45,-5.58,-9.67,-350.13,155.6,-100.03,0
17321,-2.55,-4.12,-8.29,-321.17,76.52,-93.26,0
17345,-0.57,-1.82,-5.5,-284.95,-18.72,-83.68,0
17370,1.39,0.05,-3.64,-266.96,-76.35,-67.89,0
17395,2.09,1.31,-2.16,-265.99,0.67,-58.26,0
17420,2.25,2.55,-0.77,-257.45,45.85,-62.28,0
17445,1.78,3.46,0.57,-242.33,53.9,-70.57,0
17469,1.63,4.57,1.41,-218.18,72.98,-81.06,0
17495,1.28,4.98,1.92,-193,69.93,-91.24,0
17519,0.18,5.26,2.64,-175.8,80.91,-95.76,0
17544,-1.48,5.55,3.31,-159.4,98.04,-95.57,0
17570,-2.51,5.49,3.71,-138.18,64.87,-92.65,0
17594,-3.17,6.15,4.42,-115.99,21.34,-83.87,0
17619,-3.79,6.63,4.89,-99.4,17.98,-68.74,0
17643,-4.22,7.01,5.48,-85.56,20.85,-53.5,0
17669,-4.46,7.27,6.19,-71.9,25,-38.99,0
17693,-4.11,8.48,6.63,-54.65,28.35,-22.59,0
17718,-4.96,7.8,5.76,-38.12,56.95,-5.94,0
17743,-4.63,7.19,7.52,-16.84,40.36,7.78,0
17768,-5.09,7.76,8.67,7.67,35.67,25.28,0
17793,-6.14,6.69,11.34,42,16.4,41.31,0
17817,-6.37,7.05,11.03,86.88,54.81,68.39,0
17842,-7.67,4.94,10.55,134.74,32.62,98.27,0
17867,-8.89,3.11,9.13,177.06,28.9,137.84,0
17892,-7.51,2.08,9.03,217.06,39.87,196.44,0
17917,-6.12,-0.29,8.66,274.98,19.14,254.3,0
17942,-2.83,-4.51,5.79,337.06,-9.82,313.51,0
17967,-0.71,-11.55,3.17,372.61,-69.03,348.51,0
17991,0.25,-17.11,-0.34,459.01,-268.05,330.4,0
18017,-0.54,-19.65,-5.55,576.38,-397.07,275.46,0
18042,-4.59,-19.65,-12.99,665.59,-411.1,201.37,0
18067,-2.56,-19.65,-19.22,647.05,-246.22,147.29,0
18092,5.33,-17.76,-19.22,467.97,-256.4,91.8,0
18117,0,-10.29,-19.22,189.07,-193.72,64.73,0
18142,2.15,-9.67,-19.22,-58.24,-21.35,52.29,0
18167,5.7,-8,-19.22,-194.46,81.4,23.45,0
18192,5.32,-5.8,-19.22,-238.18,41.7,-9.54,0
18217,4.01,-4.68,-14.77,-243.67,47.8,-38.62,0
18241,2.03,-3.5,-12.56,-238.97,85.18,-60.33,0
18267,2.23,-2.66,-11.94,-232.63,123.77,-76.73,0
18291,2.1,-2.58,-12.12,-231.35,135.36,-93.68,0
18317,-1.5,-3.16,-11.8,-273.06,280.36,-88.44,0
18342,-1.89,-2.28,-11.42,-287.81,167.92,-86.73,0
18366,-2.6,-1.98,-11.75,-269.16,95.85,-70.51,0
18392,-2.33,-1.87,-8.38,-225.01,25.79,-63.81,0
18416,2.3,-0.32,-6.45,-224.34,-64.52,-53.44,0
18441,2.88,0.49,-4.55,-246.11,-50,-41,0
18467,3.37,0.11,-2.44,-251.23,-46.71,-40.7,0
18491,1.52,2.45,-0.61,-249.34,-15.86,-42.04,0
18516,1.18,3.99,0.1,-238.24,70.6,-51.31,0
18540,1.97,5.59,1.24,-225.86,148.04,-70.15,0
18566,2.28,5.01,2.13,-205.07,169.08,-97.83,0
18590,2.35,5.02,2.69,-173.79,147.13,-119.6,0
18616,1.59,6.64,3.69,-140.8,124.99,-136.06,0
18641,0.33,6.99,3.91,-112.02,99.02,-143.56,0
18665,-1.33,7.49,3.96,-91.41,124.45,-142.95,0
18691,-2.84,7.53,3.7,-79.1,101.46,-137.46,0
18715,-5.39,7.76,4.2,-66.9,82.74,-117.65,0
18740,-7.23,7.64,4.39,-51.72,55.54,-89.05,0
18765,-9.52,7.94,6.09,-23.85,-14.52,-48.75,0
18790,-10.3,7.63,7.26,9.01,-8.85,-3.5,0
18815,-10.19,7.26,8.26,53.1,-69.82,39.3,0
18839,-9.63,6.95,9.2,101.82,-87.81,81.68,0
18864,-7.96,5.74,9.26,150.72,-110.13,115.22,0
18889,-6.7,4.58,9.22,204.68,-104.82,142.17,0
18914,-4.65,2.79,8.57,260.11,-95.19,166.74,0
18940,-3.07,-0.02,8.32,312.36,-72.63,181.31,0
18964,-1.19,-2.55,7.68,361.02,-22.93,192.96,0
18989,-3.4,-7.78,9.54,417.18,-27.44,226.62,0
19014,-6.41,-17.18,7.19,541.32,-208.23,252.78,0
19039,-6.8,-19.65,2.49,703.76,-346.53,224,0
19064,-7.77,-19.65,-7.72,830.35,-442.01,129.18,0
19089,-2.02,-19.65,-19.22,783.03,-308.54,44.18,0
19114,-10.05,-19.65,-19.22,509.92,-261.95,-13.26,0
19139,-13.92,-13.53,-19.22,200.72,-86.34,10.03,0
19164,-7.25,-13.02,-19.22,-72.15,119.02,48.27,0
19189,-0.89,-14.12,-19.22,-205.19,177.37,44.73,0
19214,1.29,-11.12,-19.22,-240.92,101.64,14.18,0
19240,0.06,-6.47,-16.27,-234.58,112.01,-6.86,0
19264,0.18,-4.62,-14.15,-227.63,130.06,-24.42,0
19289,0.51,-4.25,-13.88,-235.07,166.52,-44.84,0
19314,1.68,-4.2,-13.39,-246.72,147.98,-67.16,0
19339,1.09,-3.96,-12.84,-251.17,137.68,-81.31,0
19365,0.79,-3.56,-12.69,-254.46,170.3,-91.37,0
19389,0.75,-3.39,-11.94,-268.79,160.48,-100.15,0
19414,-0.7,-3.23,-10.34,-285.68,197.31,-103.13,0
19439,-0.54,-1.89,-9.03,-270.5,101.88,-103.93,0
19464,0.11,-0.94,-7.18,-258.97,18.78,-95.82,0
19490,1.11,0.3,-5.34,-246.96,-5.74,-83.07,0
19514,1.2,1.11,-3.99,-245.74,1.52,-74.84,0
19539,0.82,2.31,-2.56,-243.61,56.34,-73.14,0
19563,1.61,2.99,-1.51,-235.5,103.29,-82.46,0
19589,1.38,3.87,-0.51,-220.56,55.54,-89.23,0
19613,0.25,4.3,0.62,-209.77,41.21,-92.04,0
19638,-0.32,4.53,1.03,-205.13,69.32,-92.46,0
19664,-0.47,5.06,2.28,-195.38,74.32,-92.59,0
19688,-0.6,5.07,2.98,-182.14,55,-97.46,0
19713,-1.3,5.54,3.43,-168.12,70.85,-98.81,0
19737,-2.01,6.26,4.57,-158.85,102.92,-91.98,0
19763,-3.34,6.99,6.07,-141.9,107.19,-83.01,0
19787,-4.49,8.11,7.23,-115.99,122.43,-75.7,0
19812,-5.99,8.37,8.89,-83.37,87.49,-57.46,0
19838,-6.39,8.04,9.25,-49.16,64.63,-30.51,0
19862,-6.65,7.14,10.07,-5.56,14.57,-8.2,0
19887,-6.39,7.26,11.21,40.54,-27.32,13.08,0
19911,-5.97,6.29,11.57,87.61,-40.31,32.23,0
19937,-7.02,6.04,11.67,139.38,-48.17,56.31,0
19962,-8.61,5.88,11.68,194.13,-42.2,88.33,0
19986,-11.41,2.74,11.74,246.08,-50.8,129.36,0
20012,-12.27,0.09,12.41,306.69,-65,188.57,0
20036,-10.69,-4.65,10.24,367.61,-33.48,263.2,0
20062,-6.18,-9.29,6.39,416.02,-5.19,344.18,0
20087,-4.96,-17.11,4.6,438.95,-170.37,387.84,0
20111,-4.7,-19.65,-2.35,575.65,-220.37,390.7,0
20137,-5.57,-19.65,-7.39,646.69,-280.37,361.98,0
20161,2.28,-19.65,-18.61,706.57,-165.73,308.32,0
20187,9.04,-19.65,-19.22,554.62,-413.84,190.95,0
20211,-2.35,-16.02,-19.22,346.75,-307.75,88.45,0
20237,1.57,-14.39,-19.22,132.12,0.12,47.11,0
20262,5.15,-13.76,-19.22,-54.95,17.8,1.07,0
20286,4.68,-10.47,-19.22,-146.66,34.87,-31.43,0
20312,3.46,-7.68,-19.22,-190.25,21.58,-51.92,0
20336,1.87,-6.17,-17.21,-217.27,76.95,-60.27,0
20362,3.28,-5.77,-15.77,-238.3,169.38,-80.57,0
20387,3.53,-5.65,-14.7,-259.1,161.03,-111.24,0
20411,3.38,-5.49,-14.05,-281.84,186.82,-133.87,0
20437,2.64,-5.81,-12.36,-294.7,215.48,-154.17,0
20461,1.47,-6.1,-11.23,-317.63,236.94,-163.5,0
20487,0.06,-4.3,-9.48,-305.8,103.53,-164.96,0
20511,-0.13,-2.97,-8.07,-282.45,35.54,-151.79,0
20536,0.71,-1.35,-5.81,-264.16,7.74,-133.74,0
20562,0.62,0.76,-3.97,-250.01,13.11,-115.82,0
20586,2.87,1.81,-2.52,-241.47,54.2,-111.43,0
20611,3.31,2.69,-1.31,-233.49,58.53,-118.99,0
20636,2.94,3.33,0.07,-222.33,46.64,-131.98,0
20661,1.21,4.54,1.07,-207.39,77.68,-135.15,0
20686,0.26,5.06,2.33,-186.35,113.59,-135.57,0
20711,0.15,5.15,2.52,-151.72,47.74,-140.09,0
20736,-1.04,5.74,2.99,-140.44,52.98,-137.04,0
20761,-2.21,5.9,4.27,-123.97,69.57,-129.23,0
20786,-2.5,6.09,3.97,-95.93,34.87,-123.44,0
20810,-2.66,6.56,4.36,-78.49,3.23,-117.77,0
20835,-3.23,7.58,5.55,-71.48,15.42,-109.9,0
20861,-4.43,7.32,5.23,-63.37,49.02,-98.87,0
20885,-5.8,7.54,5.97,-50.44,46.76,-83.62,0
20910,-7.5,7.91,6.48,-25.74,27.8,-61.79,0
20934,-8.52,7.86,7.75,-3.18,28.17,-32.71,0
20960,-8.71,6.91,8.95,29.62,17.37,-1.92,0
20985,-9.07,7.28,9.89,79.19,-35.43,32.05,0
21009,-9.46,7,10.25,126.21,-33.66,75.1,0
21034,-8.6,5.12,10.4,173.83,-34.21,110.22,0
21059,-9.13,3.74,9.94,217.67,-19.46,147.29,0
21084,-10.3,0.98,9.01,248.28,-39.33,197.65,0
21109,-13.96,-4.32,8.2,310.72,-57.38,270.09,0
21134,-11.56,-11.93,6.75,376.33,-86.59,352.23,0
21159,-8.66,-19.65,1.87,497.54,-160.12,409.42,0
21184,-4.86,-19.65,-1.15,615.35,-290.98,420.21,0
21209,-3.53,-19.65,-5.74,764.98,-424.27,346.74,0
21234,7.47,-19.65,-18.51,870.83,-322.99,235.03,0
21259,4.23,-19.65,-19.22,625.9,-284.7,112.47,0
21285,0.4,-19.52,-19.22,340.65,-155.86,18.14,0
21309,-2.54,-14.03,-19.22,49.8,43.84,-15.33,0
21334,1.04,-14.72,-19.22,-126.6,127.37,-34.72,0
21359,2.13,-12,-19.22,-204.03,113.84,-49.66,0
21384,1.77,-8.19,-18.87,-229.77,109.81,-55.94,0
21410,1.64,-6.5,-16.78,-240.07,134.93,-61.12,0
21434,4.41,-6.63,-16.92,-262.63,246.76,-91.31,0
21460,5.36,-7.17,-15.33,-283.24,230.54,-139.66,0
21484,4.07,-7.08,-12.63,-296.35,211.64,-168.8,0
21510,1.72,-6.25,-11.33,-304.34,277.74,-180.94,0
21534,3.48,-5.86,-10.99,-310.92,133.41,-193.13,0
21559,2.57,-4.78,-8.96,-273.61,28.78,-200.27,0
21585,1.98,-2.96,-5.76,-247.57,-20.13,-193.56,0
21609,3.46,-1.11,-3.8,-242.75,55.36,-184.41,0
21635,4.35,0.52,-1.83,-249.4,74.57,-187.22,0
21659,3.11,1.29,-0.13,-230.99,69.99,-197.65,0
21684,1.14,3.29,-0.32,-208.73,100.24,-196.79,0
21710,1.51,3.47,-0.03,-188.12,109.02,-199.72,0
21734,-0.53,3.3,1.01,-171.47,62.62,-201.61,0
21759,-2.32,3.81,1.28,-146.78,30.12,-199.54,0
21784,-3.51,5.06,1.64,-134.89,31.34,-185.39,0
21809,-4.1,5.6,2.43,-127.76,32.31,-170.09,0
21833,-5.3,5.76,2.82,-117.45,25.79,-154.72,0
21859,-5.86,5.59,3.37,-101.96,13.35,-138.2,0
21884,-6.54,6,4.1,-94.89,24.51,-120.27,0
21908,-7.37,6.38,4.67,-82.63,25.61,-101.55,0
21934,-8.19,6.52,5.45,-70.74,16.7,-79.78,0
21958,-8.97,6.69,6.2,-48.79,12.37,-54.6,0
21983,-9.46,6.57,6.8,-29.95,11.28,-28.62,0
22008,-10.11,6.85,7.57,-8.37,11.34,4.79,0
22033,-10.74,6.6,8.43,28.46,-8.66,40.46,0
22058,-9.7,5.7,9.36,73.89,-29.88,73.88,0
22082,-10.54,4.88,9.77,109.07,8.72,109.12,0
22107,-12.51,3.87,9.98,148.77,21.15,157.05,0
22132,-14.55,1.83,9.7,204.74,13.11,231.31,0
22157,-15.03,0.37,10.5,215.29,2.07,330.82,0
22182,-11.55,-7.39,5.01,206.94,-72.26,408.75,0
22207,-6.66,-15.15,0.1,335.65,-120.49,464.12,0
22232,-2.49,-19.42,-0.74,469.13,-250.12,476.37,0
22257,2.42,-19.65,-2.27,636.51,-329.33,442.35,0
22282,5.73,-19.65,-3.53,715.83,-387.81,369.73,0
22308,3.34,-19.65,-10.64,713.4,-499.94,252.17,0
22332,-1.88,-19.65,-19.22,677.42,-462.26,114.97,0
22358,-8.62,-19.65,-19.22,531.51,-352.44,36.74,0
22382,-11.33,-19.65,-19.22,319.8,-150.67,40.03,0
22408,-8.48,-19.65,-19.22,104.07,-64.7,47.78,0
22432,-7.23,-16.4,-19.22,-73.37,-21.35,48.94,0
22457,-3.9,-12.56,-19.22,-179.22,52.98,44.3,0
22483,-0.76,-10.72,-17.89,-233.06,94.02,26.32,0
22507,-0.6,-10.72,-14.8,-263.85,124.08,-10.7,0
22533,-1.9,-10.22,-13.95,-297.94,188.53,-46.31,0
22557,-0.75,-10.29,-14.88,-347.81,313.22,-92.16,0
22582,0.05,-12.07,-16.09,-408.79,421.76,-145.7,0
22608,-3.94,-14.57,-11.25,-439.03,418.1,-194.78,0
22632,-4.01,-11.77,-8.27,-420.8,165.66,-216.37,0
22658,-1.41,-8.66,-6.85,-377.08,38.59,-195.39,0
22682,0.63,-6.66,-3.7,-358.67,40.42,-177.16,0
22708,2.06,-4.09,-2.38,-342.57,72.01,-168.2,0
22733,2.23,-1.42,-0.45,-322.81,91.03,-169.84,0
22757,0.72,1.4,1.03,-287.45,74.87,-166.73,0
22783,-0.17,2.51,2.13,-256.17,105.54,-164.41,0
22807,-1.37,3.68,3.09,-225.01,123.23,-160.88,0
22832,-2.22,4.67,3.58,-193.55,124.87,-154.72,0
22857,-3.46,6.17,4.47,-159.04,60.18,-137.83,0
22882,-3.46,6.02,4.82,-128.43,54.32,-121.06,0
22908,-2.8,6.47,5.16,-110.74,80.91,-111.49,0
22932,-4.12,7.21,5.58,-90.44,63.65,-104.66,0
22957,-5.28,8.5,5.71,-67.15,51.89,-85.63,0
22981,-5.63,8.66,6.09,-45.5,22.37,-65.27,0
23007,-6.04,8.3,6.39,-32.76,49.14,-45.82,0
23032,-7.13,8.31,6.72,-9.1,16.34,-27.95,0
23056,-7.71,8.22,7.6,18.95,-7.14,-2.65,0
23081,-7.27,7.83,7.66,48.4,-21.53,19.67,0
23106,-7.64,7.53,8.5,81.57,-36.53,41.01,0
23131,-8.35,6.77,9.04,123.83,-41.83,70.03,0
23155,-8.7,5.09,8.31,161.82,-31.16,102.05,0
23180,-9.19,3.65,8.35,199.86,-57.38,136.74,0
23206,-8.93,2.5,8.17,245.23,-44.52,184.36,0
23230,-8.18,-0.16,8.68,303.77,-58.05,237.47,0
23255,-6.75,-4.45,8.59,367.61,-23.17,286.68,0
23280,-4.08,-11.01,5.38,413.09,9.02,340.15,0
23305,-3.69,-19.46,3.56,371.39,-152.38,382.41,0
23331,-4.82,-19.65,-3.53,573.4,-235.79,379.12,0
23355,-3.45,-19.65,-9.76,665.9,-328.29,333.02,0
23380,-1.68,-19.65,-16.3,704.74,-334.27,259.3,0
23405,0.52,-19.65,-19.22,700.77,-272.32,165.03,0
23430,-1.24,-19.65,-19.22,601.2,-162.26,113.63,0
23455,-1.09,-19.65,-19.22,204.38,79.99,94.49,0
23480,1.14,-16.47,-19.22,4.56,-95.49,45.52,0
23506,1.36,-14.05,-19.22,-157.75,65.67,20.71,0
23530,2.26,-11.88,-19.22,-232.63,81.15,-2.59,0
23555,2.59,-11.06,-15.05,-253.3,126.52,-22.28,0
23580,3.94,-10.11,-13.19,-262.02,144.2,-60.7,0
23605,3.72,-10.24,-13.1,-268.61,129.63,-101.24,0
23631,3.23,-10.01,-12.58,-286.29,153.53,-131.67,0
23655,2.9,-9.35,-12.18,-297.2,174.02,-156.18,0
23681,2.77,-8.84,-10.84,-305.44,173.23,-175.15,0
23705,2.83,-7.57,-9.38,-303.18,157.74,-187.89,0
23731,3.57,-6.16,-8.22,-295.86,149.69,-196.18,0
23755,2.42,-4.67,-7.12,-280.19,130.48,-200.15,0
23780,1.09,-2.95,-5.99,-278,162.49,-194.29,0
23806,1.74,-1.73,-4.05,-271.78,96.09,-193.87,0
23830,1.03,-0.38,-4.53,-232.88,35.91,-190.15,0
23855,0.32,1.13,-4,-212.02,39.2,-178.44,0
23880,0.26,2.42,-2.39,-187.39,64.93,-170.82,0
23905,0.05,3.92,-1.09,-167.21,15.18,-163.5,0
23930,0.17,5.13,-0.22,-155.32,45.91,-154.66,0
23955,-0.61,5.22,0.52,-157.15,26.03,-153.44,0
23980,-1.77,6.62,0.49,-151.9,62.8,-144.9,0
24004,-3.15,6.63,1.28,-143.12,57.25,-134.9,0
24030,-4.41,6.71,2.07,-131.17,23.9,-121.79,0
24055,-4.76,6.63,2.88,-107.94,6.64,-105.76,0
24079,-5.97,6.94,3.75,-91.84,9.93,-88.56,0
24105,-6.19,7.21,4.97,-75.56,5,-65.94,0
24129,-6.86,7.51,5.78,-56.66,-5.8,-39.48,0
24154,-7.23,7.29,7.75,-32.76,-17.57,-9.78,0
24178,-7.37,8.27,7.65,2.67,-26.65,21.5,0
24203,-6.84,7.96,8.28,38.28,-40.13,50.03,0
24229,-5.75,7.47,8.39,74.44,-47.2,75.95,0
24253,-4.69,6.98,7.82,108.77,-36.04,93.02,0
24278,-4.38,6.81,7.54,143.46,-30.49,109.12,0
24303,-4.82,5.77,6.86,180.78,-46.04,128.08,0
24328,-4.84,4.47,5.96,215.53,-56.77,151.98,0
24352,-4.77,2.43,5.82,244.07,-16.35,182.29,0
24378,-5.67,-0.96,5.18,262.97,17.25,227.59,0
24403,-5.48,-5.33,4.06,299.37,-48.6,275.7,0
24427,-5.21,-10.13,2.39,376.51,-102.2,318.51,0
24453,-4.06,-15.82,0.24,464.13,-207.62,346.8,0
24477,-1.4,-19.65,-1.77,558.58,-282.99,351.49,0
24503,-0.7,-19.65,-4.93,651.08,-395.49,306.37,0
24528,-0.46,-19.65,-9.5,704.61,-388.84,232.59,0
24552,-3.88,-19.65,-19.22,659.68,-255.43,152.17,0
24578,-4.64,-19.65,-19.22,510.41,-141.16,92.53,0
24602,-6.56,-19.65,-19.22,251.45,-16.83,56.44,0
24628,-2.34,-19.65,-19.22,-30.87,64.08,41.5,0
24653,-1.66,-18.34,-19.22,-241.53,127.31,7.47,0
24678,0.86,-15.85,-19.22,-340.44,253.59,-29.78,0
24703,2.87,-14.24,-17.92,-393,294.14,-81.49,0
24727,7.21,-14.58,-15.8,-421.96,334.44,-157.89,0
24753,8.2,-15.35,-12.37,-417.2,210.91,-226.3,0
24777,5.14,-15.07,-8.72,-406.04,164.08,-261.61,0
24803,4.73,-12.31,-7.4,-368.12,243.35,-285.27,0
24828,6.2,-11.54,-6.65,-333.24,260.72,-320.51,0
24853,3.74,-10.17,-5.95,-305.07,145.79,-337.83,0
24878,-1.3,-8.17,-1.97,-362.26,59.93,-324.29,0
24903,-2.31,-4.7,-4.88,-257.02,7.86,-302.46,0
24928,-1.54,-2.52,-2.69,-213.79,41.58,-267.22,0
24953,-0.96,-0.86,-1.16,-216.72,7.37,-246.37,0
24978,-2.48,0.46,0.85,-218.85,-12.99,-228.5,0
25003,-3.17,2.26,2.08,-211.11,26.15,-208.8,0
25027,-3.13,3.69,2.56,-183.91,45.42,-191.67,0
25053,-4.43,5.58,3.39,-158.18,5.97,-170.09,0
25077,-5.25,6.14,4.04,-128.61,32.68,-148.81,0
25102,-6.55,6.26,5.19,-107.27,40.54,-128.07,0
25128,-6.95,5.98,5.29,-76.66,31.28,-110.09,0
25152,-8.33,6.73,7.06,-45.87,-21.22,-90.7,0
25177,-9.84,7.07,6.97,-27.94,-5.92,-60.33,0
25201,-10.26,7.15,6.97,-5.5,-3.6,-28.56,0
25227,-10.63,7.81,7.1,17.24,-5.31,6.68,0
25252,-10.14,7.65,7.29,47.24,-27.02,41.19,0
25276,-9.52,7.32,7.83,73.16,-25.31,70.95,0
25301,-9,6.73,8.11,104.68,-14.21,100.03,0
25326,-9.74,5.56,8.02,143.1,-13.05,132.59,0
25351,-11.29,4.68,7.52,178.4,-6.41,179.06,0
25375,-10.29,1.74,8.21,210.78,22.5,239,0
25401,-4.74,-1.98,5.47,265.17,28.78,312.35,0
25426,-9.09,-7.25,10.9,350.59,10.61,368.08,0
25450,-4.43,-15.38,7.02,391.33,85.18,445.34,0
25476,-3.05,-19.34,-19.22,380.59,-165.12,493.63,0
25500,0.36,-19.65,-4.3,591.2,-267.32,475.58,0
25526,1.59,-19.65,-7.39,724.43,-390.73,384.6,0
25551,2.95,-19.65,-15.89,809.74,-256.59,300.15,0
25576,6.69,-19.65,-19.22,624.68,-290.67,201.44,0
25601,1.3,-19.65,-19.22,417.85,-244.15,90.83,0
25626,-0.09,-18.13,-19.22,171.08,-78.3,36.62,0
25651,0.59,-16.18,-19.22,-53.06,41.34,11.99,0
25675,3.46,-14.39,-19.22,-193.12,108.41,-7.53,0
25701,4.83,-12.72,-19.22,-265.01,129.93,-40.33,0
25726,5.29,-11.26,-16.92,-298.61,181.76,-81.37,0
25751,7.58,-11.24,-15.59,-322.27,225.85,-133.5,0
25776,7.83,-12.29,-14.82,-338.85,232.92,-196.67,0
25801,8.04,-12.68,-13.66,-347.63,260.3,-252.28,0
25826,7.37,-12.33,-11.47,-343.55,217.01,-297.46,0
25852,5.72,-11.35,-9.26,-335.98,184.26,-318.19,0
25876,0.19,-9.86,-6.51,-393.55,272.01,-306.73,0
25901,1.85,-6.92,-8.77,-291.9,46.34,-312.58,0
25926,0.4,-4.83,-5.12,-258.18,0.79,-292.34,0
25951,-0.21,-2.66,-2.51,-229.83,20.18,-263.56,0
25976,-0.18,0.12,-1.33,-200.19,21.28,-238.62,0
26001,0.57,1.5,-0.49,-215.8,-8.85,-219.35,0
26026,-1.04,1.9,0.82,-216.9,-29.21,-207.34,0
26050,-1.86,2.96,2.21,-204.71,67.92,-200.27,0
26076,-2.19,3.82,2.67,-187.51,41.7,-194.48,0
26100,-3.53,4.91,3.59,-161.11,32.07,-181.85,0
26126,-5.14,4.92,4.1,-140.07,31.28,-164.66,0
26151,-6.76,4.94,5.44,-120.5,41.52,-144.9,0
26175,-8.38,5.62,6.51,-95.19,14.02,-117.71,0
26200,-9.78,6.54,7.57,-60.5,0.12,-78.07,0
26225,-11.36,6.69,8.43,-29.4,-23.97,-34.17,0
26250,-11.49,6.89,9.04,-0.2,-10.43,12.47,0
26275,-9.91,6.87,9.48,37.3,-38.66,52.41,0
26299,-7.87,7.01,10.46,75.84,-57.99,80.95,0
26325,-6.02,7.18,10.87,115.35,-48.91,101.13,0
26349,-4.75,6.38,10.51,156.57,-28.97,112.9,0
26375,-5.22,5.48,9.51,195.41,10.18,122.59,0
26399,-6.97,4.2,8.37,225.96,52.25,146.92,0
26424,-9.61,1.8,7.11,251.69,40.97,196.37,0
26450,-10.64,-2.63,5.46,219.99,-35.43,276.56,0
26474,-11.71,-9.73,2.45,257.48,-77.02,353.45,0
26499,-8.89,-16.91,0.08,398.09,-113.17,415.27,0
26524,-5.35,-19.65,-2.98,476.75,-178.66,466.98,0
26549,-1.12,-19.65,-5.65,579.19,-317.68,475.34,0
26575,-1.73,-19.65,-12.43,717.3,-287.81,431.31,0
26599,8.66,-19.65,-19.22,848.7,-44.39,382.04,0
26625,11.89,-19.65,-19.22,500.65,-272.38,284.24,0
26649,5.19,-17.87,-19.22,246.2,-220.55,151.13,0
26675,7.44,-14.42,-19.22,-20.13,119.45,67.9,0
26699,7.49,-14.12,-19.22,-195.99,247.13,-7.71,0
26724,10.36,-11.73,-18.34,-266.35,190.36,-64.66,0
26750,7.49,-9.6,-12.37,-265.44,187.37,-107.22,0
26774,6.92,-7.98,-10.63,-250.19,138.17,-134.66,0
26800,6.36,-6.86,-9.59,-231.78,111.7,-148.93,0
26824,5.9,-6.52,-10.33,-219.83,148.16,-168.44,0
26850,6.6,-6.3,-9.89,-213.12,184.75,-193.99,0
26875,6.6,-5.75,-9.45,-213.3,159.87,-216.37,0
26900,5.6,-5.25,-8.69,-222.02,101.82,-229.96,0
26925,6.07,-4.28,-8.07,-227.75,158.53,-239.6,0
26949,5.96,-3.63,-6.43,-226.23,122.86,-251.91,0
26975,4.66,-2.62,-5.76,-223.24,114.14,-259.17,0
27000,3.86,-1.47,-4.57,-217.21,146.52,-261.3,0
27025,3.44,-0.03,-3.92,-208.91,84.57,-261.97,0
27050,2.2,1.61,-2.54,-197.51,51.4,-249.05,0
27074,1.44,3.17,-2.34,-184.16,69.45,-233.93,0
27100,0.75,3.05,-1.09,-175.93,10.18,-227.28,0
27124,-1.12,3.37,0.67,-173.61,-19.03,-217.65,0
27149,-2.34,4.32,1.34,-170.93,19.57,-203.07,0
27175,-3.19,5.2,2.83,-157.45,27.25,-186.3,0
27199,-3.84,4.5,3.62,-142.39,17.62,-168.2,0
27224,-6.47,4.49,6.17,-127.82,17.62,-148.81,0
27249,-7.43,5.66,6.39,-107.02,32.98,-123.68,0
27274,-8.83,6.01,7.85,-82.27,34.26,-92.83,0
27299,-10.2,6.89,8.68,-48.18,-1.89,-56.85,0
27323,-9.86,7.13,9.23,-15.93,2.56,-19.9,0
27349,-9.55,7.15,9.53,18.16,-5.19,17.96,0
27373,-9.59,7.27,9.24,51.21,-5.98,53.94,0
27398,-9.46,7.25,9.04,85.96,-30.74,90.77,0
27422,-9.89,5.88,8.7,123.89,-42.38,124.3,0
27448,-11.1,4.89,8.21,165.53,-49.52,168.39,0
27473,-12.81,3.59,8.02,202,-36.28,228.2,0
27497,-10.78,-0.96,6.06,243.46,-69.64,294.97,0
27523,-9.5,-5.77,9.06,284.86,-34.58,366.49,0
27547,-9.44,-11.48,5.28,326.26,-129.7,432.77,0
27573,-5.07,-18.38,3.61,422.54,-151.28,500.58,0
27598,-0.41,-19.65,0.18,502.48,-264.51,530.88,0
27622,0.63,-19.65,-4.27,614.74,-324.57,506.25,0
27648,1.13,-19.65,-12.83,695.22,-315.31,411.98,0
27672,6.78,-19.65,-19.22,592.05,-144.64,320.95,0
27698,11.49,-19.44,-19.22,328.64,-105.19,193.45,0
27722,8.56,-12.69,-19.22,36.08,-54.15,101.07,0
27748,9.43,-16.28,-19.22,-142.21,116.46,20.95,0
27773,11.74,-15.96,-17.05,-190.13,190.6,-52.59,0
27798,10.59,-9.3,-12.98,-165.86,108.59,-90.82,0
27823,10.37,-6.95,-10.9,-156.66,112.01,-113.68,0
27848,9.52,-6.16,-12.76,-175.86,123.47,-146.98,0
27873,10.87,-7.02,-12.18,-201.66,120.79,-186.98,0
27899,9.45,-7.71,-9.72,-221.72,136.4,-227.71,0
27923,5.89,-6.97,-8.21,-220.92,172.62,-246.18,0
27949,7.85,-5.39,-7.62,-210.5,160.06,-253.68,0
27973,6.1,-5.29,-5.99,-204.03,68.53,-258.86,0
27998,3.85,-3.84,-5.64,-206.53,131.03,-259.84,0
28024,3.97,-2.52,-6.61,-212.14,215.36,-260.63,0
28048,3.04,-1.46,-3.33,-216.23,9.51,-261.55,0
28073,1.41,0.39,-3.62,-162.02,47.5,-243.38,0
28098,2.31,1.07,-2.67,-154.28,88.23,-232.16,0
28123,2.26,2.24,-1.22,-123.36,21.4,-231.79,0
28147,0.11,3.55,-0.46,-135.99,-20.67,-220.39,0
28173,0.22,5.44,-0.41,-134.58,41.34,-198.32,0
28198,0.52,5.85,0.22,-130.5,28.71,-190.51,0
28222,-1.21,4.99,1,-125.8,-35.25,-190.15,0
28248,-2.95,5.58,2.02,-128.06,-5.31,-182.28,0
28272,-3.58,6.65,2.55,-123.55,58.59,-171.3,0
28297,-3.4,7.7,3.31,-109.28,85.6,-160.51,0
28323,-5.52,7.17,4.29,-88.37,14.87,-149.17,0
28347,-7.33,7.19,4.78,-78.55,31.76,-130.57,0
28372,-8.35,7.4,5.54,-66.11,55.73,-104.17,0
28397,-10.39,8.28,6.85,-33.18,-19.88,-67.22,0
28422,-11.22,8.5,7.36,-3.91,-42.75,-23.56,0
28446,-10.02,7.48,7.54,12.3,-31.35,11.44,0
28471,-8.17,7.58,7.58,31.57,-25.49,35.77,0
28497,-6.52,7.46,7.59,53.71,-23.42,50.58,0
28521,-5.93,7.33,7.35,81.08,-44.52,60.1,0
28546,-7.01,6.96,7.34,101.82,-31.1,70.64,0
28571,-8.77,6.01,7.8,127.97,10.42,91.68,0
28596,-11.5,5.3,6.95,165.17,-18.6,137.29,0
28621,-12.51,2.99,5.86,199.74,-23.78,198.69,0
28646,-13.05,-0.44,5.74,226.08,21.09,266.56,0
28671,-10.25,-4.13,5.48,247.91,26.82,343.45,0
28695,-6.41,-8.95,4.26,278.64,-1.89,412.53,0
28721,-4.78,-14.8,1.35,305.47,-67.81,464.66,0
28745,-0.04,-19.65,0.08,314.31,-102.81,521.55,0
28770,-0.09,-19.65,-18.04,393.46,-188.3,532.29,0
28796,5.57,-19.65,-6.42,580.53,-432.44,445.09,0
28820,4.06,-19.65,-10.83,675.29,-524.02,333.81,0
28846,-1.12,-19.65,-19.22,731.99,-309.88,250.4,0
28870,1.64,-19.65,-19.22,580.77,-256.89,186.86,0
28896,-3.68,-19.65,-19.22,341.45,-210,116.98,0
28921,1.48,-18.89,-19.22,91.27,34.26,70.1,0
28946,1.48,-16.05,-19.22,-140.01,75.48,23.45,0
28971,4.94,-13.63,-19.22,-278.61,190.79,-18.38,0
28995,6.55,-12.36,-15.7,-339.4,260.66,-71.43,0
29021,8.68,-12.82,-13.32,-360.8,327.43,-151.49,0
29045,10.72,-14.82,-11.86,-353.42,350.42,-258.13,0
29071,10.21,-14.63,-10.73,-333.18,256.27,-336.18,0
29097,8,-13.92,-8.67,-309.7,174.08,-359.05,0
29121,6.04,-11.64,-7.46,-281.78,108.1,-348.56,0
29146,5.17,-8.78,-6.7,-257.51,122.37,-329.29,0
29171,5.57,-6.08,-5.34,-232.51,145.18,-327.28,0
29196,4.58,-4.23,-5.09,-206.6,87.43,-321.85,0
29222,2.64,-3.01,-4.63,-188.73,43.84,-312.83,0
29246,1.94,-0.86,-3.86,-187.08,59.26,-298.01,0
29271,-0.1,-0.12,-3.63,-185.74,36.89,-281.67,0
29296,-0.29,1.23,-3.24,-166.9,-21.89,-263.86,0
29321,-1.42,2.23,-2.02,-158.97,-7.99,-246.12,0
29346,-2.22,2.7,-0.57,-160.44,4.93,-229.6,0
29371,-3.16,2.85,0.28,-145.8,-2.57,-220.39,0
29396,-4.27,3.56,1.64,-141.72,-22.93,-209.78,0
29420,-4.26,4.96,2.63,-142.75,-4.58,-195.45,0
29446,-5.52,5.26,3.75,-130.8,28.53,-182.4,0
29470,-5.81,5.33,4.4,-112.21,29.02,-171.24,0
29495,-7.54,5.64,4.56,-88.73,33.78,-157.04,0
29521,-10.12,6.05,5.76,-67.21,30.18,-131.55,0
29545,-12.6,6.73,6.08,-45.87,23.53,-86,0
29570,-14.82,6.27,6.73,-10.68,-4.76,-28.68,0
29594,-15.83,5.77,6.2,16.21,-15.86,30.71,0
29620,-15.11,5.69,6.78,43.58,-41.41,90.09,0
29645,-11.89,5.76,7.57,73.83,-55.13,139.42,0
29669,-9.44,4.78,7.64,101.02,-52.69,169.61,0
29695,-9.88,3.96,7.39,135.53,-59.33,189.61,0
29719,-11.37,3.3,6.81,161.82,-12.93,220.83,0
29744,-12.37,2.21,5.77,177.18,12.07,279.61,0
29769,-9.94,-2.11,4.46,199.01,43.47,350.28,0
29794,-8.35,-6.7,2.82,204.62,-109.09,411.62,0
29820,-5.84,-11.18,3.02,193.34,-70.98,468.2,0
29844,-1.69,-17.89,-1.43,387.12,-228.97,492.77,0
29869,0.12,-19.65,-2.47,516.45,-302.68,496.13,0
29894,1.21,-19.65,-1.7,678.58,-335.73,475.76,0
29919,5.18,-19.65,-4.45,673.88,-383.9,410.21,0
29945,1.79,-19.65,-11.96,661.32,-353.66,284.73,0
29969,3.78,-19.65,-19.22,589.55,-142.14,202.96,0
29995,3.54,-19.65,-19.22,443.76,-247.2,116.5,0
30019,-4.28,-19.65,-19.22,219.19,-94.58,52.96,0
30045,1.73,-18.33,-19.22,-12.39,161.88,16.44,0
30069,5.98,-17.35,-19.22,-161.78,99.32,-47.34,0
30094,7.6,-15.62,-19.22,-307.88,240.72,-114.11,0
30120,8.91,-16.17,-19.22,-378.55,282.01,-194.41,0
30144,10.05,-18.42,-16.45,-408.48,333.96,-285.75,0
30170,9.73,-19.2,-12.19,-399.89,236.4,-351.3,0
30194,7.21,-17.6,-8.91,-372.08,178.65,-369.41,0
30220,6.42,-15.05,-6.62,-336.35,155.24,-370.51,0
30245,4.99,-11.55,-5.67,-306.35,91.82,-360.75,0
30270,5.25,-8.82,-4.75,-282.33,147.01,-350.75,0
30295,1.66,-7.16,-3.18,-315.98,158.35,-335.02,0
30320,0.75,-4.17,-5.56,-239.71,-77.14,-336.3,0
30345,-0.84,-2.82,-2.79,-213.79,34.14,-299.29,0
30370,-1.28,-0.34,-1.44,-178.73,55.3,-276.79,0
30395,-1.91,2.63,1.05,-144.89,39.08,-259.54,0
30420,-0.78,2.14,0.35,-159.28,18.59,-244.35,0
30444,-2.36,3.53,1.52,-163.97,-9.7,-226.3,0
30470,-3.39,3.81,2.89,-144.95,18.84,-210.94,0
30494,-4.32,3.86,2.75,-135.44,46.58,-199.9,0
30519,-5.74,4.5,3.57,-118.43,21.7,-186.85,0
30545,-7.12,4.5,4.07,-103.85,25.91,-167.4,0
30569,-9,4.68,4.65,-87.08,25.48,-142.52,0
30594,-10.9,5.29,4.6,-73.73,30.61,-108.68,0
30619,-11.49,5.36,5.32,-55.07,8.96,-71.12,0
30644,-12.26,5.9,6,-38.85,-6.96,-29.17,0
30669,-11.94,6.23,7.02,-22.09,-23.17,9.91,0
30693,-11.55,6.84,7.31,-1.48,-21.41,47.72,0
30719,-10.08,6.31,7.88,18.83,-25.13,75.4,0
30743,-8.38,6.45,8.26,46.94,-25,97.11,0
30768,-7.82,5.49,7.41,71.27,-13.17,112.72,0
30793,-9.1,4.81,7.24,95.6,13.9,131.5,0
30818,-11.03,4.22,6.79,123.34,-4.27,170.95,0
30843,-12.05,2.4,5.67,158.34,-59.82,227.96,0
30867,-11.56,0.11,8.62,194.5,-115.8,296.98,0
30893,-10.94,-4.82,5.99,222.73,-50.74,370.21,0
30917,-9.7,-10.54,3.32,236.51,-53.24,455.52,0
30943,-6.1,-17.78,2.57,260.78,-166.16,501.68,0
30968,-2.38,-19.65,-4.61,395.9,-260.73,556.43,0
30993,-2.47,-19.65,-6.54,510.41,-386.77,558.2,0
31018,-3.16,-19.65,-17.76,620.71,-227.62,551.07,0
31043,12.49,-19.65,-19.22,705.71,-91.1,497.41,0
31068,18.6,-19.65,-19.22,513.7,-221.95,370.03,0
31093,15.49,-16.74,-19.22,285.59,-343.96,185.58,0
31118,14.49,-11.92,-19.22,69.93,48.65,61.56,0
31144,16.85,-11.64,-19.22,-111.66,107.07,-54.11,0
31168,15.66,-11.18,-18.87,-201.05,172.31,-134.84,0
31194,11.69,-11.15,-14.03,-226.23,156.52,-192.95,0
31218,9.67,-10.48,-10.86,-227.51,142.74,-223.13,0
31244,9.05,-9.34,-9.86,-212.08,142.07,-237.04,0
31269,9.22,-8.63,-9.18,-198.85,108.41,-251.61,0
31293,8.3,-7.72,-8.78,-195.38,81.34,-265.51,0
31319,8.25,-6.45,-8.52,-197.39,113.29,-272.58,0
31343,7.54,-5.38,-6.76,-196.35,103.96,-276.73,0
31369,6,-3.96,-6.07,-189.03,85.73,-277.28,0
31394,5.85,-2.59,-5.51,-184.28,128.77,-274.11,0
31418,4.17,-1.74,-5.91,-201.84,123.41,-269.9,0
31444,2.93,-1.31,-4.94,-223.06,42.98,-262.52,0
31468,2.61,0.75,-4.2,-138.49,38.9,-255.21,0
31493,2.69,1.82,-3.63,-136.84,54.75,-240.76,0
31518,1.4,2.5,-2.39,-128.12,33.78,-235.27,0
31543,1.1,3.71,-1.5,-120.68,42.8,-228.01,0
31568,1.04,4.16,-0.98,-138.79,20.61,-222.16,0
31593,0.08,4.5,-0.39,-145.74,30.48,-223.26,0
31618,-0.52,3.89,1.18,-142.08,62.37,-230.51,0
31642,-1.64,3.54,2.12,-141.54,30.24,-236.49,0
31668,-3.26,3.75,2.53,-136.72,60.36,-239.17,0
31693,-5.55,4.07,4.02,-118.85,45.36,-232.71,0
31718,-8.01,5.21,3.82,-95.68,49.81,-215.08,0
31743,-10.23,4.75,5.07,-77.02,40.06,-183.38,0
31767,-12.89,4.18,5.05,-59.04,8.41,-142.16,0
31792,-14.88,4.69,5.73,-41.11,-21.89,-90.51,0
31817,-13.78,5.01,5.8,-26.66,3.9,-38.07,0
31842,-12.19,5.06,6.47,-9.95,-8.11,3.33,0
31867,-10.17,5.7,7.04,3.71,-14.21,32.23,0
31891,-8.53,5.09,6.66,18.52,5.12,49.24,0
31917,-8.87,5.26,6.8,36.08,8.04,57.84,0
31941,-9.62,5.92,6.58,50.35,32.74,79.3,0
31966,-9.81,4.41,5.53,66.27,22.25,105.46,0
31991,-11.02,2.83,4.42,96.21,-35.06,138.02,0
32016,-13.38,0.68,4.67,127.91,-66.28,185.58,0
32041,-17.24,-1.23,5.58,164.62,-93.66,260.15,0
32065,-20.6,-0.58,7.76,230.05,-186.16,378.99,0
32091,-18.05,-12.3,6.93,286.81,-72.93,515.09,0
32115,-9.55,-19.65,3.71,312.73,-43.54,630.94,0
32141,-0.02,-19.65,3.81,284.68,-220.55,685.33,0
32166,1.65,-19.65,-7.76,460.9,-309.82,707.65,0
32191,6.64,-19.65,-14.28,598.52,-388.42,603.63,0
32216,17.74,-19.65,-19.22,643.52,-277.14,465.94,0
32241,14.68,-19.65,-19.22,551.45,-198.05,314.42,0
32266,18.6,-18.83,-19.22,366.33,-95.49,160.7,0
32292,17.11,-12.72,-19.22,93.77,-61.47,-10.57,0
32316,14.65,-12.16,-19.22,-78.49,82.07,-96.18,0
32341,12.47,-11.67,-19.22,-175.8,103.1,-141.49,0
32366,10.58,-9.48,-13.92,-200.56,99.75,-152.89,0
32391,8.11,-8.46,-10.68,-202.88,81.4,-158.26,0
32416,8.37,-6.74,-8.99,-199.52,115.54,-166.73,0
32441,8.49,-6,-7.66,-189.34,119.08,-191.61,0
32467,7.06,-5,-6.38,-171.47,103.29,-202.52,0
32491,6.22,-4.36,-6.04,-162.08,108.1,-200.88,0
32516,5.67,-3.68,-5.87,-154.83,120.79,-210.02,0
32541,3.54,-2.8,-5.61,-150.99,83.59,-206.91,0
32566,2.32,-1.19,-4.22,-150.93,-7.26,-185.69,0
32591,1.15,-0.04,-3.57,-109.46,-4.64,-156.85,0
32616,1.08,1.76,-3.01,-87.82,-18.72,-122.65,0
32641,1.29,2.83,-2.28,-87.94,-40.92,-87.1,0
32665,1.53,3.73,-1.63,-76.72,-24.7,-57.59,0
32691,2.3,4.55,-1.44,-63.98,-15.8,-30.09,0
32715,2.42,4.95,-1.69,-45.68,-14.58,-8.68,0
32740,3.36,5.48,-1.73,-30.56,-25.55,8.75,0
32765,3.75,5.85,-1.99,-19.4,-32.02,21.92,0
32789,4.18,5.76,-2.38,-9.77,-26.96,32.05,0
32815,4.9,5.56,-2.87,-2.76,-15.67,37.66,0
32839,5.53,5.51,-3.14,-0.26,-26.53,37.23,0
32864,5.53,5.54,-3.27,3.4,-11.59,36.8,0
32889,6.34,5.66,-3.64,6.88,1.34,37.47,0
32913,6.53,5.45,-3.84,9.38,-10.74,35.71,0
32939,6.69,5.4,-4.02,12.43,-18.78,33.69,0
32963,6.58,5.3,-4.18,15.11,1.58,32.53,0
32988,6.92,5.18,-4.61,13.65,-0.37,29.73,0
